{
	"design__max_slew_violation__count__corner:nom_tt_025C_3v30": 0,
	"design__max_fanout_violation__count__corner:nom_tt_025C_3v30": 6,
	"design__max_cap_violation__count__corner:nom_tt_025C_3v30": 0,
	"power__internal__total": 0.00086458,
	"power__switching__total": 0.000551458,
	"power__leakage__total": 0,
	"power__total": 0.00141604,
	"clock__skew__worst_hold__corner:nom_tt_025C_3v30": -0.255782,
	"clock__skew__worst_setup__corner:nom_tt_025C_3v30": 0.25568,
	"timing__hold__ws__corner:nom_tt_025C_3v30": 0.289626,
	"timing__setup__ws__corner:nom_tt_025C_3v30": 11.0506,
	"timing__hold__tns__corner:nom_tt_025C_3v30": 0,
	"timing__setup__tns__corner:nom_tt_025C_3v30": 0,
	"timing__hold__wns__corner:nom_tt_025C_3v30": 0,
	"timing__setup__wns__corner:nom_tt_025C_3v30": 0,
	"timing__hold_vio__count__corner:nom_tt_025C_3v30": 0,
	"timing__hold_r2r__ws__corner:nom_tt_025C_3v30": 0.289626,
	"timing__hold_r2r_vio__count__corner:nom_tt_025C_3v30": 0,
	"timing__setup_vio__count__corner:nom_tt_025C_3v30": 0,
	"timing__setup_r2r__ws__corner:nom_tt_025C_3v30": 1e+30,
	"timing__setup_r2r_vio__count__corner:nom_tt_025C_3v30": 0,
	"flow__warnings__count": 0,
	"flow__errors__count": 0
}