{
    "time": {
        "cpu_time_user": "00:00:01.090",
        "cpu_time_system": "00:00:00.140",
        "runtime": "00:00:01.418",
        "cpu_time_iowait": "00:00:00.000"
    },
    "peak_resources": {
        "cpu_percent": 109.0,
        "memory_rss": "164MiB",
        "memory_vms": "330MiB",
        "threads": 2
    },
    "avg_resources": {
        "cpu_percent": 73.64285714285714,
        "memory_rss": "112MiB",
        "memory_vms": "250MiB",
        "threads": 1.6428571428571428
    }
}