{
    "time": {
        "cpu_time_user": "00:00:00.720",
        "cpu_time_system": "00:00:00.120",
        "runtime": "00:00:00.916",
        "cpu_time_iowait": "00:00:00.000"
    },
    "peak_resources": {
        "cpu_percent": 109.4,
        "memory_rss": "140MiB",
        "memory_vms": "303MiB",
        "threads": 2
    },
    "avg_resources": {
        "cpu_percent": 75.02727272727273,
        "memory_rss": "88MiB",
        "memory_vms": "218MiB",
        "threads": 1.6363636363636365
    }
}