{
    "time": {
        "cpu_time_user": "00:00:00.820",
        "cpu_time_system": "00:00:00.110",
        "runtime": "00:00:01.009",
        "cpu_time_iowait": "00:00:00.000"
    },
    "peak_resources": {
        "cpu_percent": 109.4,
        "memory_rss": "142MiB",
        "memory_vms": "304MiB",
        "threads": 2
    },
    "avg_resources": {
        "cpu_percent": 76.89166666666665,
        "memory_rss": "90MiB",
        "memory_vms": "227MiB",
        "threads": 1.6666666666666667
    }
}