{
    "time": {
        "cpu_time_user": "00:00:00.950",
        "cpu_time_system": "00:00:00.090",
        "runtime": "00:00:01.169",
        "cpu_time_iowait": "00:00:00.000"
    },
    "peak_resources": {
        "cpu_percent": 117.5,
        "memory_rss": "101MiB",
        "memory_vms": "116MiB",
        "threads": 1
    },
    "avg_resources": {
        "cpu_percent": 76.82727272727271,
        "memory_rss": "56MiB",
        "memory_vms": "67MiB",
        "threads": 0.9090909090909091
    }
}