{
    "time": {
        "cpu_time_user": "00:00:00.440",
        "cpu_time_system": "00:00:00.060",
        "runtime": "00:00:00.615",
        "cpu_time_iowait": "00:00:00.000"
    },
    "peak_resources": {
        "cpu_percent": 104.5,
        "memory_rss": "118MiB",
        "memory_vms": "294MiB",
        "threads": 2
    },
    "avg_resources": {
        "cpu_percent": 59.71428571428571,
        "memory_rss": "62MiB",
        "memory_vms": "183MiB",
        "threads": 1.4285714285714286
    }
}