{
    "time": {
        "cpu_time_user": "00:00:00.580",
        "cpu_time_system": "00:00:00.150",
        "runtime": "00:00:00.912",
        "cpu_time_iowait": "00:00:00.000"
    },
    "peak_resources": {
        "cpu_percent": 99.4,
        "memory_rss": "146MiB",
        "memory_vms": "340MiB",
        "threads": 2
    },
    "avg_resources": {
        "cpu_percent": 65.65454545454544,
        "memory_rss": "85MiB",
        "memory_vms": "228MiB",
        "threads": 1.5454545454545454
    }
}