{
	"design__max_slew_violation__count__corner:nom_tt_025C_3v30": 0,
	"design__max_fanout_violation__count__corner:nom_tt_025C_3v30": 23,
	"design__max_cap_violation__count__corner:nom_tt_025C_3v30": 6,
	"power__internal__total": 0.000234281,
	"power__switching__total": 0.000250748,
	"power__leakage__total": 0,
	"power__total": 0.000485029,
	"clock__skew__worst_hold__corner:nom_tt_025C_3v30": -0.252343,
	"clock__skew__worst_setup__corner:nom_tt_025C_3v30": 0.255935,
	"timing__hold__ws__corner:nom_tt_025C_3v30": 0.471462,
	"timing__setup__ws__corner:nom_tt_025C_3v30": 10.9307,
	"timing__hold__tns__corner:nom_tt_025C_3v30": 0,
	"timing__setup__tns__corner:nom_tt_025C_3v30": 0,
	"timing__hold__wns__corner:nom_tt_025C_3v30": 0,
	"timing__setup__wns__corner:nom_tt_025C_3v30": 0,
	"timing__hold_vio__count__corner:nom_tt_025C_3v30": 0,
	"timing__hold_r2r__ws__corner:nom_tt_025C_3v30": 0.471462,
	"timing__hold_r2r_vio__count__corner:nom_tt_025C_3v30": 0,
	"timing__setup_vio__count__corner:nom_tt_025C_3v30": 0,
	"timing__setup_r2r__ws__corner:nom_tt_025C_3v30": 1e+30,
	"timing__setup_r2r_vio__count__corner:nom_tt_025C_3v30": 0,
	"flow__warnings__count": 1,
	"flow__errors__count": 0
}