{
    "time": {
        "cpu_time_user": "00:00:30.969",
        "cpu_time_system": "00:00:00.620",
        "runtime": "00:00:19.441",
        "cpu_time_iowait": "00:00:00.000"
    },
    "peak_resources": {
        "cpu_percent": 487.4,
        "memory_rss": "511MiB",
        "memory_vms": "1GiB",
        "threads": 17
    },
    "avg_resources": {
        "cpu_percent": 161.2718918918919,
        "memory_rss": "321MiB",
        "memory_vms": "994MiB",
        "threads": 16.448648648648657
    }
}