{
	"design__io": 110,
	"design__die__area": 62500,
	"design__core__area": 50950.6,
	"design__instance__count": 706,
	"design__instance__area": 8807.14,
	"design__instance__count__stdcell": 706,
	"design__instance__area__stdcell": 8807.14,
	"design__instance__count__macros": 0,
	"design__instance__area__macros": 0,
	"design__instance__utilization": 0.172857,
	"design__instance__utilization__stdcell": 0.172857,
	"design__instance__count__class:tap_cell": 425,
	"design__instance__count__class:tie_cell": 4,
	"design__instance__count__class:buffer": 34,
	"design__instance__count__class:inverter": 7,
	"design__instance__count__class:sequential_cell": 34,
	"design__instance__count__class:multi_input_combinational_cell": 202,
	"flow__warnings__count": 0,
	"flow__errors__count": 0
}