{
    "time": {
        "cpu_time_user": "00:00:01.159",
        "cpu_time_system": "00:00:00.140",
        "runtime": "00:00:01.424",
        "cpu_time_iowait": "00:00:00.000"
    },
    "peak_resources": {
        "cpu_percent": 117.6,
        "memory_rss": "122MiB",
        "memory_vms": "137MiB",
        "threads": 1
    },
    "avg_resources": {
        "cpu_percent": 79.21538461538461,
        "memory_rss": "66MiB",
        "memory_vms": "77MiB",
        "threads": 0.9230769230769231
    }
}