{
    "time": {
        "cpu_time_user": "00:00:00.690",
        "cpu_time_system": "00:00:00.110",
        "runtime": "00:00:00.913",
        "cpu_time_iowait": "00:00:00.000"
    },
    "peak_resources": {
        "cpu_percent": 109.3,
        "memory_rss": "137MiB",
        "memory_vms": "303MiB",
        "threads": 2
    },
    "avg_resources": {
        "cpu_percent": 72.00000000000001,
        "memory_rss": "75MiB",
        "memory_vms": "190MiB",
        "threads": 1.5454545454545454
    }
}