{
    "time": {
        "cpu_time_user": "00:00:00.400",
        "cpu_time_system": "00:00:00.050",
        "runtime": "00:00:00.504",
        "cpu_time_iowait": "00:00:00.000"
    },
    "peak_resources": {
        "cpu_percent": 99.5,
        "memory_rss": "90MiB",
        "memory_vms": "191MiB",
        "threads": 1
    },
    "avg_resources": {
        "cpu_percent": 63.728571428571435,
        "memory_rss": "39MiB",
        "memory_vms": "103MiB",
        "threads": 0.8571428571428571
    }
}