{
    "design__lint_error__count": 0,
    "design__lint_timing_construct__count": 0,
    "design__lint_warning__count": 0,
    "design__inferred_latch__count": 0,
    "design__instance__count": 928,
    "design__instance__area": 12420.4,
    "design__instance_unmapped__count": 0,
    "synthesis__check_error__count": 0,
    "design__max_slew_violation__count__corner:nom_tt_025C_3v30": 0,
    "design__max_fanout_violation__count__corner:nom_tt_025C_3v30": 6,
    "design__max_cap_violation__count__corner:nom_tt_025C_3v30": 0,
    "power__internal__total": 0.0009182485518977046,
    "power__switching__total": 0.0006063823238946497,
    "power__leakage__total": 0,
    "power__total": 0.0015246309340000153,
    "clock__skew__worst_hold__corner:nom_tt_025C_3v30": -0.2616567314655755,
    "clock__skew__worst_setup__corner:nom_tt_025C_3v30": 0.2614128432157433,
    "timing__hold__ws__corner:nom_tt_025C_3v30": 0.28977832065218057,
    "timing__setup__ws__corner:nom_tt_025C_3v30": 11.058407835776693,
    "timing__hold__tns__corner:nom_tt_025C_3v30": 0,
    "timing__setup__tns__corner:nom_tt_025C_3v30": 0,
    "timing__hold__wns__corner:nom_tt_025C_3v30": 0,
    "timing__setup__wns__corner:nom_tt_025C_3v30": 0,
    "timing__hold_vio__count__corner:nom_tt_025C_3v30": 0,
    "timing__hold_r2r__ws__corner:nom_tt_025C_3v30": 0.289778,
    "timing__hold_r2r_vio__count__corner:nom_tt_025C_3v30": 0,
    "timing__setup_vio__count__corner:nom_tt_025C_3v30": 0,
    "timing__setup_r2r__ws__corner:nom_tt_025C_3v30": Infinity,
    "timing__setup_r2r_vio__count__corner:nom_tt_025C_3v30": 0,
    "design__max_slew_violation__count": 0,
    "design__max_fanout_violation__count": 6,
    "design__max_cap_violation__count": 0,
    "clock__skew__worst_hold": -0.2603027866931773,
    "clock__skew__worst_setup": 0.2600811029044656,
    "timing__hold__ws": 0.2875189612220181,
    "timing__setup__ws": 11.054930617165224,
    "timing__hold__tns": 0,
    "timing__setup__tns": 0,
    "timing__hold__wns": 0,
    "timing__setup__wns": 0,
    "timing__hold_vio__count": 0,
    "timing__hold_r2r__ws": 0.287519,
    "timing__hold_r2r_vio__count": 0,
    "timing__setup_vio__count": 0,
    "timing__setup_r2r__ws": Infinity,
    "timing__setup_r2r_vio__count": 0,
    "design__die__bbox": "0.0 0.0 250.0 250.0",
    "design__core__bbox": "6.72 15.68 243.04 231.28",
    "design__io": 112,
    "design__die__area": 62500,
    "design__core__area": 50950.6,
    "design__instance__count__stdcell": 928,
    "design__instance__area__stdcell": 12420.4,
    "design__instance__count__macros": 0,
    "design__instance__area__macros": 0,
    "design__instance__utilization": 0.243774,
    "design__instance__utilization__stdcell": 0.243774,
    "design__instance__count__class:tie_cell": 4,
    "design__instance__count__class:buffer": 34,
    "design__instance__count__class:inverter": 7,
    "design__instance__count__class:sequential_cell": 34,
    "design__instance__count__class:multi_input_combinational_cell": 202,
    "flow__warnings__count": 1,
    "flow__errors__count": 0,
    "design__instance__count__class:tap_cell": 425,
    "design__power_grid_violation__count__net:VDD": 0,
    "design__power_grid_violation__count__net:VSS": 0,
    "design__power_grid_violation__count": 0,
    "timing__drv__floating__nets": 0,
    "timing__drv__floating__pins": 0,
    "design__instance__displacement__total": 0,
    "design__instance__displacement__mean": 0,
    "design__instance__displacement__max": 0,
    "route__wirelength__estimated": 19550.1,
    "design__violations": 0,
    "design__instance__count__class:timing_repair_buffer": 214,
    "design__instance__count__class:clock_buffer": 5,
    "design__instance__count__class:clock_inverter": 3,
    "design__instance__count__setup_buffer": 0,
    "design__instance__count__hold_buffer": 0,
    "antenna__violating__nets": 0,
    "antenna__violating__pins": 0,
    "route__antenna_violation__count": 0,
    "antenna_diodes_count": 0,
    "route__net": 538,
    "route__net__special": 2,
    "route__drc_errors__iter:1": 50,
    "route__wirelength__iter:1": 19927,
    "route__drc_errors__iter:2": 10,
    "route__wirelength__iter:2": 19778,
    "route__drc_errors__iter:3": 5,
    "route__wirelength__iter:3": 19793,
    "route__drc_errors__iter:4": 0,
    "route__wirelength__iter:4": 19781,
    "route__drc_errors": 0,
    "route__wirelength": 19781,
    "route__vias": 2599,
    "route__vias__singlecut": 2599,
    "route__vias__multicut": 0,
    "design__disconnected_pin__count": 0,
    "design__critical_disconnected_pin__count": 0,
    "route__wirelength__max": 261.21,
    "design__instance__count__class:fill_cell": 1891,
    "timing__unannotated_net__count__corner:nom_tt_025C_3v30": 3,
    "timing__unannotated_net_filtered__count__corner:nom_tt_025C_3v30": 0,
    "design__max_slew_violation__count__corner:min_tt_025C_3v30": 0,
    "design__max_fanout_violation__count__corner:min_tt_025C_3v30": 6,
    "design__max_cap_violation__count__corner:min_tt_025C_3v30": 0,
    "clock__skew__worst_hold__corner:min_tt_025C_3v30": -0.2603027866931773,
    "clock__skew__worst_setup__corner:min_tt_025C_3v30": 0.2600811029044656,
    "timing__hold__ws__corner:min_tt_025C_3v30": 0.2875189612220181,
    "timing__setup__ws__corner:min_tt_025C_3v30": 11.061193163379647,
    "timing__hold__tns__corner:min_tt_025C_3v30": 0,
    "timing__setup__tns__corner:min_tt_025C_3v30": 0,
    "timing__hold__wns__corner:min_tt_025C_3v30": 0,
    "timing__setup__wns__corner:min_tt_025C_3v30": 0,
    "timing__hold_vio__count__corner:min_tt_025C_3v30": 0,
    "timing__hold_r2r__ws__corner:min_tt_025C_3v30": 0.287519,
    "timing__hold_r2r_vio__count__corner:min_tt_025C_3v30": 0,
    "timing__setup_vio__count__corner:min_tt_025C_3v30": 0,
    "timing__setup_r2r__ws__corner:min_tt_025C_3v30": Infinity,
    "timing__setup_r2r_vio__count__corner:min_tt_025C_3v30": 0,
    "timing__unannotated_net__count__corner:min_tt_025C_3v30": 3,
    "timing__unannotated_net_filtered__count__corner:min_tt_025C_3v30": 0,
    "design__max_slew_violation__count__corner:max_tt_025C_3v30": 0,
    "design__max_fanout_violation__count__corner:max_tt_025C_3v30": 6,
    "design__max_cap_violation__count__corner:max_tt_025C_3v30": 0,
    "clock__skew__worst_hold__corner:max_tt_025C_3v30": -0.2632618086932464,
    "clock__skew__worst_setup__corner:max_tt_025C_3v30": 0.26298206023870463,
    "timing__hold__ws__corner:max_tt_025C_3v30": 0.2925632041659122,
    "timing__setup__ws__corner:max_tt_025C_3v30": 11.054930617165224,
    "timing__hold__tns__corner:max_tt_025C_3v30": 0,
    "timing__setup__tns__corner:max_tt_025C_3v30": 0,
    "timing__hold__wns__corner:max_tt_025C_3v30": 0,
    "timing__setup__wns__corner:max_tt_025C_3v30": 0,
    "timing__hold_vio__count__corner:max_tt_025C_3v30": 0,
    "timing__hold_r2r__ws__corner:max_tt_025C_3v30": 0.292563,
    "timing__hold_r2r_vio__count__corner:max_tt_025C_3v30": 0,
    "timing__setup_vio__count__corner:max_tt_025C_3v30": 0,
    "timing__setup_r2r__ws__corner:max_tt_025C_3v30": Infinity,
    "timing__setup_r2r_vio__count__corner:max_tt_025C_3v30": 0,
    "timing__unannotated_net__count__corner:max_tt_025C_3v30": 3,
    "timing__unannotated_net_filtered__count__corner:max_tt_025C_3v30": 0,
    "timing__unannotated_net__count": 3,
    "timing__unannotated_net_filtered__count": 0,
    "design_powergrid__voltage__worst__net:VDD__corner:nom_tt_025C_3v30": 3.2998,
    "design_powergrid__drop__average__net:VDD__corner:nom_tt_025C_3v30": 3.29996,
    "design_powergrid__drop__worst__net:VDD__corner:nom_tt_025C_3v30": 0.000197923,
    "design_powergrid__voltage__worst__net:VSS__corner:nom_tt_025C_3v30": 0.000219997,
    "design_powergrid__drop__average__net:VSS__corner:nom_tt_025C_3v30": 4.82149e-05,
    "design_powergrid__drop__worst__net:VSS__corner:nom_tt_025C_3v30": 0.000219997,
    "design_powergrid__voltage__worst": 0.000219997,
    "design_powergrid__voltage__worst__net:VDD": 3.2998,
    "design_powergrid__drop__worst": 0.000219997,
    "design_powergrid__drop__worst__net:VDD": 0.000197923,
    "design_powergrid__voltage__worst__net:VSS": 0.000219997,
    "design_powergrid__drop__worst__net:VSS": 0.000219997,
    "ir__voltage__worst": 3.3,
    "ir__drop__avg": 4.37e-05,
    "ir__drop__worst": 0.000198,
    "design__xor_difference__count": 0,
    "magic__drc_error__count": 0,
    "magic__illegal_overlap__count": 0,
    "design__lvs_device_difference__count": 0,
    "design__lvs_net_difference__count": 0,
    "design__lvs_property_fail__count": 0,
    "design__lvs_error__count": 0,
    "design__lvs_unmatched_device__count": 0,
    "design__lvs_unmatched_net__count": 0,
    "design__lvs_unmatched_pin__count": 0
}