{
  "creator": "Yosys 0.57 (git sha1 3aca86049, g++ 13.3.0-6ubuntu2~24.04 -fPIC -O3)",
  "modules": {
    "user_project_example": {
      "attributes": {
        "hdlname": "user_project_example",
        "top": "00000000000000000000000000000001",
        "src": "/foss/designs/example_project/src/user_project_example.v:3.1-34.10"
      },
      "ports": {
        "VSS": {
          "direction": "inout",
          "bits": [ 2 ]
        },
        "VDD": {
          "direction": "inout",
          "bits": [ 3 ]
        },
        "clk_i": {
          "direction": "input",
          "bits": [ 4 ]
        },
        "rst_n": {
          "direction": "input",
          "bits": [ 5 ]
        },
        "io_out": {
          "direction": "output",
          "bits": [ 6, 7, 8, 9, 10, 11, 12, 13, 14, 15, 16, 17, 18, 19, 20, 21, 22, 23, 24, 25, 26, 27, 28, 29, 30, 31, 32, 33, 34, 35, 36, 37, 38, 39, "0", "0" ]
        },
        "io_oeb": {
          "direction": "output",
          "bits": [ 40, 40, 40, 40, 40, 40, 40, 40, 40, 40, 40, 40, 40, 40, 40, 40, 40, 40, 40, 40, 40, 40, 40, 40, 40, 40, 40, 40, 40, 40, 40, 40, 40, 40, "1", "1" ]
        },
        "io_in": {
          "direction": "input",
          "bits": [ 41, 42, 43, 44, 45, 46, 47, 48, 49, 50, 51, 52, 53, 54, 55, 56, 57, 58, 59, 60, 61, 62, 63, 64, 65, 66, 67, 68, 69, 70, 71, 72, 73, 74, 40, 75 ]
        }
      },
      "cells": {
        "$add$/foss/designs/example_project/src/user_project_example.v:29$5": {
          "hide_name": 1,
          "type": "$add",
          "parameters": {
            "A_SIGNED": "00000000000000000000000000000000",
            "A_WIDTH": "00000000000000000000000000100010",
            "B_SIGNED": "00000000000000000000000000000000",
            "B_WIDTH": "00000000000000000000000000100000",
            "Y_WIDTH": "00000000000000000000000000100010"
          },
          "attributes": {
            "src": "/foss/designs/example_project/src/user_project_example.v:29.12-29.21"
          },
          "port_directions": {
            "A": "input",
            "B": "input",
            "Y": "output"
          },
          "connections": {
            "A": [ 6, 7, 8, 9, 10, 11, 12, 13, 14, 15, 16, 17, 18, 19, 20, 21, 22, 23, 24, 25, 26, 27, 28, 29, 30, 31, 32, 33, 34, 35, 36, 37, 38, 39 ],
            "B": [ "1", "0", "0", "0", "0", "0", "0", "0", "0", "0", "0", "0", "0", "0", "0", "0", "0", "0", "0", "0", "0", "0", "0", "0", "0", "0", "0", "0", "0", "0", "0", "0" ],
            "Y": [ 76, 77, 78, 79, 80, 81, 82, 83, 84, 85, 86, 87, 88, 89, 90, 91, 92, 93, 94, 95, 96, 97, 98, 99, 100, 101, 102, 103, 104, 105, 106, 107, 108, 109 ]
          }
        },
        "$procdff$12": {
          "hide_name": 1,
          "type": "$dff",
          "parameters": {
            "CLK_POLARITY": "1",
            "WIDTH": "00000000000000000000000000100010"
          },
          "attributes": {
            "src": "/foss/designs/example_project/src/user_project_example.v:25.1-32.4"
          },
          "port_directions": {
            "CLK": "input",
            "D": "input",
            "Q": "output"
          },
          "connections": {
            "CLK": [ 4 ],
            "D": [ 110, 111, 112, 113, 114, 115, 116, 117, 118, 119, 120, 121, 122, 123, 124, 125, 126, 127, 128, 129, 130, 131, 132, 133, 134, 135, 136, 137, 138, 139, 140, 141, 142, 143 ],
            "Q": [ 6, 7, 8, 9, 10, 11, 12, 13, 14, 15, 16, 17, 18, 19, 20, 21, 22, 23, 24, 25, 26, 27, 28, 29, 30, 31, 32, 33, 34, 35, 36, 37, 38, 39 ]
          }
        },
        "$procmux$10": {
          "hide_name": 1,
          "type": "$mux",
          "parameters": {
            "WIDTH": "00000000000000000000000000100010"
          },
          "attributes": {
            "full_case": "00000000000000000000000000000001",
            "src": "/foss/designs/example_project/src/user_project_example.v:26.5-26.11|/foss/designs/example_project/src/user_project_example.v:26.2-31.5"
          },
          "port_directions": {
            "A": "input",
            "B": "input",
            "S": "input",
            "Y": "output"
          },
          "connections": {
            "A": [ "0", "0", "0", "0", "0", "0", "0", "0", "0", "0", "0", "0", "0", "0", "0", "0", "0", "0", "0", "0", "0", "0", "0", "0", "0", "0", "0", "0", "0", "0", "0", "0", "0", "0" ],
            "B": [ 144, 145, 146, 147, 148, 149, 150, 151, 152, 153, 154, 155, 156, 157, 158, 159, 160, 161, 162, 163, 164, 165, 166, 167, 168, 169, 170, 171, 172, 173, 174, 175, 176, 177 ],
            "S": [ 5 ],
            "Y": [ 110, 111, 112, 113, 114, 115, 116, 117, 118, 119, 120, 121, 122, 123, 124, 125, 126, 127, 128, 129, 130, 131, 132, 133, 134, 135, 136, 137, 138, 139, 140, 141, 142, 143 ]
          }
        },
        "$procmux$7": {
          "hide_name": 1,
          "type": "$mux",
          "parameters": {
            "WIDTH": "00000000000000000000000000100010"
          },
          "attributes": {
            "src": "/foss/designs/example_project/src/user_project_example.v:30.6-30.10|/foss/designs/example_project/src/user_project_example.v:30.3-30.33"
          },
          "port_directions": {
            "A": "input",
            "B": "input",
            "S": "input",
            "Y": "output"
          },
          "connections": {
            "A": [ 41, 42, 43, 44, 45, 46, 47, 48, 49, 50, 51, 52, 53, 54, 55, 56, 57, 58, 59, 60, 61, 62, 63, 64, 65, 66, 67, 68, 69, 70, 71, 72, 73, 74 ],
            "B": [ 76, 77, 78, 79, 80, 81, 82, 83, 84, 85, 86, 87, 88, 89, 90, 91, 92, 93, 94, 95, 96, 97, 98, 99, 100, 101, 102, 103, 104, 105, 106, 107, 108, 109 ],
            "S": [ 75 ],
            "Y": [ 144, 145, 146, 147, 148, 149, 150, 151, 152, 153, 154, 155, 156, 157, 158, 159, 160, 161, 162, 163, 164, 165, 166, 167, 168, 169, 170, 171, 172, 173, 174, 175, 176, 177 ]
          }
        }
      },
      "netnames": {
        "$0\\count[33:0]": {
          "hide_name": 1,
          "bits": [ 110, 111, 112, 113, 114, 115, 116, 117, 118, 119, 120, 121, 122, 123, 124, 125, 126, 127, 128, 129, 130, 131, 132, 133, 134, 135, 136, 137, 138, 139, 140, 141, 142, 143 ],
          "attributes": {
            "src": "/foss/designs/example_project/src/user_project_example.v:25.1-32.4"
          }
        },
        "$add$/foss/designs/example_project/src/user_project_example.v:29$5_Y": {
          "hide_name": 1,
          "bits": [ 76, 77, 78, 79, 80, 81, 82, 83, 84, 85, 86, 87, 88, 89, 90, 91, 92, 93, 94, 95, 96, 97, 98, 99, 100, 101, 102, 103, 104, 105, 106, 107, 108, 109 ],
          "attributes": {
            "src": "/foss/designs/example_project/src/user_project_example.v:29.12-29.21"
          }
        },
        "$procmux$7_Y": {
          "hide_name": 1,
          "bits": [ 144, 145, 146, 147, 148, 149, 150, 151, 152, 153, 154, 155, 156, 157, 158, 159, 160, 161, 162, 163, 164, 165, 166, 167, 168, 169, 170, 171, 172, 173, 174, 175, 176, 177 ],
          "attributes": {
          }
        },
        "VDD": {
          "hide_name": 0,
          "bits": [ 3 ],
          "attributes": {
            "src": "/foss/designs/example_project/src/user_project_example.v:6.13-6.16"
          }
        },
        "VSS": {
          "hide_name": 0,
          "bits": [ 2 ],
          "attributes": {
            "src": "/foss/designs/example_project/src/user_project_example.v:5.13-5.16"
          }
        },
        "clk_i": {
          "hide_name": 0,
          "bits": [ 4 ],
          "attributes": {
            "src": "/foss/designs/example_project/src/user_project_example.v:8.8-8.13"
          }
        },
        "count": {
          "hide_name": 0,
          "bits": [ 6, 7, 8, 9, 10, 11, 12, 13, 14, 15, 16, 17, 18, 19, 20, 21, 22, 23, 24, 25, 26, 27, 28, 29, 30, 31, 32, 33, 34, 35, 36, 37, 38, 39 ],
          "attributes": {
            "src": "/foss/designs/example_project/src/user_project_example.v:22.12-22.17"
          }
        },
        "io_in": {
          "hide_name": 0,
          "bits": [ 41, 42, 43, 44, 45, 46, 47, 48, 49, 50, 51, 52, 53, 54, 55, 56, 57, 58, 59, 60, 61, 62, 63, 64, 65, 66, 67, 68, 69, 70, 71, 72, 73, 74, 40, 75 ],
          "attributes": {
            "src": "/foss/designs/example_project/src/user_project_example.v:14.15-14.20"
          }
        },
        "io_oeb": {
          "hide_name": 0,
          "bits": [ 40, 40, 40, 40, 40, 40, 40, 40, 40, 40, 40, 40, 40, 40, 40, 40, 40, 40, 40, 40, 40, 40, 40, 40, 40, 40, 40, 40, 40, 40, 40, 40, 40, 40, "1", "1" ],
          "attributes": {
            "src": "/foss/designs/example_project/src/user_project_example.v:13.16-13.22"
          }
        },
        "io_out": {
          "hide_name": 0,
          "bits": [ 6, 7, 8, 9, 10, 11, 12, 13, 14, 15, 16, 17, 18, 19, 20, 21, 22, 23, 24, 25, 26, 27, 28, 29, 30, 31, 32, 33, 34, 35, 36, 37, 38, 39, "0", "0" ],
          "attributes": {
            "src": "/foss/designs/example_project/src/user_project_example.v:12.16-12.22"
          }
        },
        "rst_n": {
          "hide_name": 0,
          "bits": [ 5 ],
          "attributes": {
            "src": "/foss/designs/example_project/src/user_project_example.v:9.8-9.13"
          }
        }
      }
    }
  }
}
