{
    "time": {
        "cpu_time_user": "00:00:00.210",
        "cpu_time_system": "00:00:00.030",
        "runtime": "00:00:00.531",
        "cpu_time_iowait": "00:00:00.000"
    },
    "peak_resources": {
        "cpu_percent": 99.3,
        "memory_rss": "35MiB",
        "memory_vms": "76MiB",
        "threads": 1
    },
    "avg_resources": {
        "cpu_percent": 33.642857142857146,
        "memory_rss": "10MiB",
        "memory_vms": "35MiB",
        "threads": 0.8571428571428571
    }
}