{
    "time": {
        "cpu_time_user": "00:00:00.600",
        "cpu_time_system": "00:00:00.070",
        "runtime": "00:00:00.866",
        "cpu_time_iowait": "00:00:00.000"
    },
    "peak_resources": {
        "cpu_percent": 99.1,
        "memory_rss": "106MiB",
        "memory_vms": "274MiB",
        "threads": 2
    },
    "avg_resources": {
        "cpu_percent": 56.888888888888886,
        "memory_rss": "53MiB",
        "memory_vms": "166MiB",
        "threads": 1.4444444444444444
    }
}