{
    "time": {
        "cpu_time_user": "00:00:00.570",
        "cpu_time_system": "00:00:00.130",
        "runtime": "00:00:01.185",
        "cpu_time_iowait": "00:00:00.000"
    },
    "peak_resources": {
        "cpu_percent": 99.3,
        "memory_rss": "147MiB",
        "memory_vms": "315MiB",
        "threads": 2
    },
    "avg_resources": {
        "cpu_percent": 50.25555555555556,
        "memory_rss": "84MiB",
        "memory_vms": "206MiB",
        "threads": 1.5555555555555556
    }
}