{
    "time": {
        "cpu_time_user": "00:00:00.460",
        "cpu_time_system": "00:00:00.080",
        "runtime": "00:00:00.832",
        "cpu_time_iowait": "00:00:00.000"
    },
    "peak_resources": {
        "cpu_percent": 103.8,
        "memory_rss": "119MiB",
        "memory_vms": "295MiB",
        "threads": 2
    },
    "avg_resources": {
        "cpu_percent": 51.83333333333334,
        "memory_rss": "71MiB",
        "memory_vms": "204MiB",
        "threads": 1.5555555555555556
    }
}