{
    "time": {
        "cpu_time_user": "00:00:00.880",
        "cpu_time_system": "00:00:00.150",
        "runtime": "00:00:01.403",
        "cpu_time_iowait": "00:00:00.000"
    },
    "peak_resources": {
        "cpu_percent": 109.3,
        "memory_rss": "148MiB",
        "memory_vms": "316MiB",
        "threads": 2
    },
    "avg_resources": {
        "cpu_percent": 64.30714285714286,
        "memory_rss": "102MiB",
        "memory_vms": "244MiB",
        "threads": 1.6428571428571428
    }
}