{
    "time": {
        "cpu_time_user": "00:00:00.410",
        "cpu_time_system": "00:00:00.090",
        "runtime": "00:00:00.758",
        "cpu_time_iowait": "00:00:00.000"
    },
    "peak_resources": {
        "cpu_percent": 99.4,
        "memory_rss": "110MiB",
        "memory_vms": "278MiB",
        "threads": 2
    },
    "avg_resources": {
        "cpu_percent": 50.211111111111116,
        "memory_rss": "53MiB",
        "memory_vms": "166MiB",
        "threads": 1.3333333333333333
    }
}