{
    "time": {
        "cpu_time_user": "00:00:05.280",
        "cpu_time_system": "00:00:00.510",
        "runtime": "00:00:05.929",
        "cpu_time_iowait": "00:00:00.000"
    },
    "peak_resources": {
        "cpu_percent": 119.0,
        "memory_rss": "489MiB",
        "memory_vms": "1GiB",
        "threads": 9
    },
    "avg_resources": {
        "cpu_percent": 94.31864406779663,
        "memory_rss": "336MiB",
        "memory_vms": "748MiB",
        "threads": 3.4237288135593213
    }
}