{
    "time": {
        "cpu_time_user": "00:00:00.290",
        "cpu_time_system": "00:00:00.050",
        "runtime": "00:00:00.504",
        "cpu_time_iowait": "00:00:00.000"
    },
    "peak_resources": {
        "cpu_percent": 99.0,
        "memory_rss": "35MiB",
        "memory_vms": "52MiB",
        "threads": 1
    },
    "avg_resources": {
        "cpu_percent": 48.185714285714276,
        "memory_rss": "19MiB",
        "memory_vms": "30MiB",
        "threads": 0.8571428571428571
    }
}