{
    "time": {
        "cpu_time_user": "00:00:00.290",
        "cpu_time_system": "00:00:00.060",
        "runtime": "00:00:00.405",
        "cpu_time_iowait": "00:00:00.000"
    },
    "peak_resources": {
        "cpu_percent": 99.4,
        "memory_rss": "112MiB",
        "memory_vms": "279MiB",
        "threads": 2
    },
    "avg_resources": {
        "cpu_percent": 57.68333333333334,
        "memory_rss": "50MiB",
        "memory_vms": "150MiB",
        "threads": 1.3333333333333333
    }
}