{
    "time": {
        "cpu_time_user": "00:00:01.409",
        "cpu_time_system": "00:00:00.190",
        "runtime": "00:00:01.684",
        "cpu_time_iowait": "00:00:00.000"
    },
    "peak_resources": {
        "cpu_percent": 117.6,
        "memory_rss": "87MiB",
        "memory_vms": "111MiB",
        "threads": 2
    },
    "avg_resources": {
        "cpu_percent": 84.77222222222221,
        "memory_rss": "57MiB",
        "memory_vms": "75MiB",
        "threads": 1.4444444444444444
    }
}