{
   "creator": "Yosys 0.57 (git sha1 3aca86049, g++ 13.3.0-6ubuntu2~24.04 -fPIC -O3)",
   "invocation": "stat -json -liberty /foss/designs/example_project/runs/latest/tmp/5c4232bb4b804ed689991d9e9a9d115c.lib ",
   "modules": {
      "\\user_project_example": {
         "num_wires":         131,
         "num_wire_bits":     236,
         "num_pub_wires":     5,
         "num_pub_wire_bits": 110,
         "num_ports":         5,
         "num_port_bits":     110,
         "num_memories":      0,
         "num_memory_bits":   0,
         "num_processes":     0,
         "num_cells":         160,
         "num_submodules":       0,
         "num_cells_by_type": {
            "$_ANDNOT_": 15,
            "$_AND_": 1,
            "$_MUX_": 34,
            "$_NAND_": 16,
            "$_NOR_": 1,
            "$_NOT_": 1,
            "$_ORNOT_": 1,
            "$_OR_": 24,
            "$_SDFF_PN0_": 34,
            "$_XNOR_": 15,
            "$_XOR_": 18
         }
      }
   },
      "design": {
         "num_wires":         131,
         "num_wire_bits":     236,
         "num_pub_wires":     5,
         "num_pub_wire_bits": 110,
         "num_ports":         5,
         "num_port_bits":     110,
         "num_memories":      0,
         "num_memory_bits":   0,
         "num_processes":     0,
         "num_cells":         160,
         "num_submodules":       0,
         "num_cells_by_type": {
            "$_ANDNOT_": 15,
            "$_AND_": 1,
            "$_MUX_": 34,
            "$_NAND_": 16,
            "$_NOR_": 1,
            "$_NOT_": 1,
            "$_ORNOT_": 1,
            "$_OR_": 24,
            "$_SDFF_PN0_": 34,
            "$_XNOR_": 15,
            "$_XOR_": 18
         }
      }
}

