{
   "creator": "Yosys 0.57 (git sha1 3aca86049, g++ 13.3.0-6ubuntu2~24.04 -fPIC -O3)",
   "invocation": "stat -json -liberty /foss/designs/example_project/runs/latest/tmp/5c4232bb4b804ed689991d9e9a9d115c.lib ",
   "modules": {
      "\\user_project_example": {
         "num_wires":         214,
         "num_wire_bits":     319,
         "num_pub_wires":     5,
         "num_pub_wire_bits": 110,
         "num_ports":         5,
         "num_port_bits":     110,
         "num_memories":      0,
         "num_memory_bits":   0,
         "num_processes":     0,
         "num_cells":         281,
         "num_submodules":       0,
         "area":              6941.222400,
         "sequential_area":    2015.193600,
         "num_cells_by_type": {
            "gf180mcu_as_sc_mcu7t3v3__and2_2": 14,
            "gf180mcu_as_sc_mcu7t3v3__ao21_2": 7,
            "gf180mcu_as_sc_mcu7t3v3__ao31_2": 5,
            "gf180mcu_as_sc_mcu7t3v3__aoi21_2": 23,
            "gf180mcu_as_sc_mcu7t3v3__aoi22_2": 5,
            "gf180mcu_as_sc_mcu7t3v3__aoi31_2": 13,
            "gf180mcu_as_sc_mcu7t3v3__buff_2": 34,
            "gf180mcu_as_sc_mcu7t3v3__dfxtp_2": 34,
            "gf180mcu_as_sc_mcu7t3v3__inv_2": 7,
            "gf180mcu_as_sc_mcu7t3v3__nand2_2": 21,
            "gf180mcu_as_sc_mcu7t3v3__nand2b_2": 11,
            "gf180mcu_as_sc_mcu7t3v3__nand3_2": 5,
            "gf180mcu_as_sc_mcu7t3v3__nand4_2": 28,
            "gf180mcu_as_sc_mcu7t3v3__nor2_2": 26,
            "gf180mcu_as_sc_mcu7t3v3__nor2b_2": 6,
            "gf180mcu_as_sc_mcu7t3v3__nor3_2": 14,
            "gf180mcu_as_sc_mcu7t3v3__or2_2": 20,
            "gf180mcu_as_sc_mcu7t3v3__tieh_4": 2,
            "gf180mcu_as_sc_mcu7t3v3__tiel_4": 2,
            "gf180mcu_as_sc_mcu7t3v3__xnor2_2": 4
         }
      }
   },
      "design": {
         "num_wires":         214,
         "num_wire_bits":     319,
         "num_pub_wires":     5,
         "num_pub_wire_bits": 110,
         "num_ports":         5,
         "num_port_bits":     110,
         "num_memories":      0,
         "num_memory_bits":   0,
         "num_processes":     0,
         "num_cells":         281,
         "num_submodules":       0,
         "area":              6941.222400,
         "sequential_area":    2015.193600,
         "num_cells_by_type": {
            "gf180mcu_as_sc_mcu7t3v3__and2_2": 14,
            "gf180mcu_as_sc_mcu7t3v3__ao21_2": 7,
            "gf180mcu_as_sc_mcu7t3v3__ao31_2": 5,
            "gf180mcu_as_sc_mcu7t3v3__aoi21_2": 23,
            "gf180mcu_as_sc_mcu7t3v3__aoi22_2": 5,
            "gf180mcu_as_sc_mcu7t3v3__aoi31_2": 13,
            "gf180mcu_as_sc_mcu7t3v3__buff_2": 34,
            "gf180mcu_as_sc_mcu7t3v3__dfxtp_2": 34,
            "gf180mcu_as_sc_mcu7t3v3__inv_2": 7,
            "gf180mcu_as_sc_mcu7t3v3__nand2_2": 21,
            "gf180mcu_as_sc_mcu7t3v3__nand2b_2": 11,
            "gf180mcu_as_sc_mcu7t3v3__nand3_2": 5,
            "gf180mcu_as_sc_mcu7t3v3__nand4_2": 28,
            "gf180mcu_as_sc_mcu7t3v3__nor2_2": 26,
            "gf180mcu_as_sc_mcu7t3v3__nor2b_2": 6,
            "gf180mcu_as_sc_mcu7t3v3__nor3_2": 14,
            "gf180mcu_as_sc_mcu7t3v3__or2_2": 20,
            "gf180mcu_as_sc_mcu7t3v3__tieh_4": 2,
            "gf180mcu_as_sc_mcu7t3v3__tiel_4": 2,
            "gf180mcu_as_sc_mcu7t3v3__xnor2_2": 4
         }
      }
}

