{
    "time": {
        "cpu_time_user": "00:00:00.560",
        "cpu_time_system": "00:00:00.070",
        "runtime": "00:00:00.713",
        "cpu_time_iowait": "00:00:00.000"
    },
    "peak_resources": {
        "cpu_percent": 99.4,
        "memory_rss": "107MiB",
        "memory_vms": "276MiB",
        "threads": 2
    },
    "avg_resources": {
        "cpu_percent": 68.64444444444445,
        "memory_rss": "68MiB",
        "memory_vms": "192MiB",
        "threads": 1.5555555555555556
    }
}