{
    "time": {
        "cpu_time_user": "00:00:00.890",
        "cpu_time_system": "00:00:00.140",
        "runtime": "00:00:01.153",
        "cpu_time_iowait": "00:00:00.000"
    },
    "peak_resources": {
        "cpu_percent": 103.3,
        "memory_rss": "148MiB",
        "memory_vms": "341MiB",
        "threads": 2
    },
    "avg_resources": {
        "cpu_percent": 75.35384615384615,
        "memory_rss": "95MiB",
        "memory_vms": "238MiB",
        "threads": 1.6153846153846154
    }
}