{
	"design__io": 112,
	"design__die__area": 62500,
	"design__core__area": 50950.6,
	"design__instance__count": 928,
	"design__instance__area": 12420.4,
	"design__instance__count__stdcell": 928,
	"design__instance__area__stdcell": 12420.4,
	"design__instance__count__macros": 0,
	"design__instance__area__macros": 0,
	"design__instance__utilization": 0.243774,
	"design__instance__utilization__stdcell": 0.243774,
	"design__instance__count__class:fill_cell": 1891,
	"design__instance__count__class:tap_cell": 425,
	"design__instance__count__class:tie_cell": 4,
	"design__instance__count__class:standard_cell": 499,
	"flow__warnings__count": 56,
	"flow__errors__count": 0
}