{
    "time": {
        "cpu_time_user": "00:00:06.599",
        "cpu_time_system": "00:00:00.110",
        "runtime": "00:00:06.775",
        "cpu_time_iowait": "00:00:00.000"
    },
    "peak_resources": {
        "cpu_percent": 109.5,
        "memory_rss": "85MiB",
        "memory_vms": "94MiB",
        "threads": 1
    },
    "avg_resources": {
        "cpu_percent": 96.02537313432835,
        "memory_rss": "80MiB",
        "memory_vms": "89MiB",
        "threads": 0.9850746268656716
    }
}