{
    "nl": "/foss/designs/example_project/runs/latest/06-yosys-synthesis/user_project_example.nl.v",
    "pnl": null,
    "pnl-sdf-friendly": null,
    "pnl-npc": null,
    "def": null,
    "lef": null,
    "openroad-lef": null,
    "odb": null,
    "sdc": null,
    "sdf": {
        "nom_tt_025C_3v30": "/foss/designs/example_project/runs/latest/12-openroad-staprepnr/nom_tt_025C_3v30/user_project_example__nom_tt_025C_3v30.sdf"
    },
    "spef": null,
    "lib": null,
    "spice": null,
    "mag": null,
    "gds": null,
    "mag_gds": null,
    "klayout_gds": null,
    "json_h": "/foss/designs/example_project/runs/latest/05-yosys-jsonheader/user_project_example.h.json",
    "vh": null,
    "metrics": {
        "design__lint_error__count": 0,
        "design__lint_timing_construct__count": 0,
        "design__lint_warning__count": 0,
        "design__inferred_latch__count": 0,
        "design__instance__count": 281,
        "design__instance__area": 6941.2224,
        "design__instance_unmapped__count": 0,
        "synthesis__check_error__count": 0,
        "design__max_slew_violation__count__corner:nom_tt_025C_3v30": 0,
        "design__max_fanout_violation__count__corner:nom_tt_025C_3v30": 22,
        "design__max_cap_violation__count__corner:nom_tt_025C_3v30": 1,
        "power__internal__total": 0.00021130974346306175,
        "power__switching__total": 0.00022725110466126353,
        "power__leakage__total": 0,
        "power__total": 0.0004385608481243253,
        "clock__skew__worst_hold__corner:nom_tt_025C_3v30": -0.25,
        "clock__skew__worst_setup__corner:nom_tt_025C_3v30": 0.25,
        "timing__hold__ws__corner:nom_tt_025C_3v30": 0.4520720870050723,
        "timing__setup__ws__corner:nom_tt_025C_3v30": 10.98219146706984,
        "timing__hold__tns__corner:nom_tt_025C_3v30": 0,
        "timing__setup__tns__corner:nom_tt_025C_3v30": 0,
        "timing__hold__wns__corner:nom_tt_025C_3v30": 0,
        "timing__setup__wns__corner:nom_tt_025C_3v30": 0,
        "timing__hold_vio__count__corner:nom_tt_025C_3v30": 0,
        "timing__hold_r2r__ws__corner:nom_tt_025C_3v30": 0.452072,
        "timing__hold_r2r_vio__count__corner:nom_tt_025C_3v30": 0,
        "timing__setup_vio__count__corner:nom_tt_025C_3v30": 0,
        "timing__setup_r2r__ws__corner:nom_tt_025C_3v30": Infinity,
        "timing__setup_r2r_vio__count__corner:nom_tt_025C_3v30": 0,
        "design__max_slew_violation__count": 0,
        "design__max_fanout_violation__count": 22,
        "design__max_cap_violation__count": 1,
        "clock__skew__worst_hold": -0.25,
        "clock__skew__worst_setup": 0.25,
        "timing__hold__ws": 0.4520720870050723,
        "timing__setup__ws": 10.98219146706984,
        "timing__hold__tns": 0,
        "timing__setup__tns": 0,
        "timing__hold__wns": 0,
        "timing__setup__wns": 0,
        "timing__hold_vio__count": 0,
        "timing__hold_r2r__ws": 0.452072,
        "timing__hold_r2r_vio__count": 0,
        "timing__setup_vio__count": 0,
        "timing__setup_r2r__ws": Infinity,
        "timing__setup_r2r_vio__count": 0
    }
}