{
    "time": {
        "cpu_time_user": "00:00:01.050",
        "cpu_time_system": "00:00:00.150",
        "runtime": "00:00:01.262",
        "cpu_time_iowait": "00:00:00.000"
    },
    "peak_resources": {
        "cpu_percent": 109.3,
        "memory_rss": "136MiB",
        "memory_vms": "302MiB",
        "threads": 2
    },
    "avg_resources": {
        "cpu_percent": 81.60714285714285,
        "memory_rss": "90MiB",
        "memory_vms": "232MiB",
        "threads": 1.6428571428571428
    }
}