{
    "time": {
        "cpu_time_user": "00:00:01.000",
        "cpu_time_system": "00:00:00.140",
        "runtime": "00:00:01.515",
        "cpu_time_iowait": "00:00:00.000"
    },
    "peak_resources": {
        "cpu_percent": 99.4,
        "memory_rss": "139MiB",
        "memory_vms": "303MiB",
        "threads": 2
    },
    "avg_resources": {
        "cpu_percent": 66.37058823529412,
        "memory_rss": "79MiB",
        "memory_vms": "227MiB",
        "threads": 1.588235294117647
    }
}