{
    "time": {
        "cpu_time_user": "00:00:00.480",
        "cpu_time_system": "00:00:00.080",
        "runtime": "00:00:00.806",
        "cpu_time_iowait": "00:00:00.000"
    },
    "peak_resources": {
        "cpu_percent": 99.4,
        "memory_rss": "108MiB",
        "memory_vms": "339MiB",
        "threads": 2
    },
    "avg_resources": {
        "cpu_percent": 54.35555555555556,
        "memory_rss": "65MiB",
        "memory_vms": "201MiB",
        "threads": 1.4444444444444444
    }
}