{
    "time": {
        "cpu_time_user": "00:00:00.740",
        "cpu_time_system": "00:00:00.110",
        "runtime": "00:00:00.946",
        "cpu_time_iowait": "00:00:00.000"
    },
    "peak_resources": {
        "cpu_percent": 99.6,
        "memory_rss": "142MiB",
        "memory_vms": "305MiB",
        "threads": 2
    },
    "avg_resources": {
        "cpu_percent": 73.45454545454544,
        "memory_rss": "92MiB",
        "memory_vms": "225MiB",
        "threads": 1.6363636363636365
    }
}