{
    "time": {
        "cpu_time_user": "00:00:00.850",
        "cpu_time_system": "00:00:00.060",
        "runtime": "00:00:01.008",
        "cpu_time_iowait": "00:00:00.000"
    },
    "peak_resources": {
        "cpu_percent": 108.3,
        "memory_rss": "120MiB",
        "memory_vms": "346MiB",
        "threads": 2
    },
    "avg_resources": {
        "cpu_percent": 75.21666666666665,
        "memory_rss": "85MiB",
        "memory_vms": "228MiB",
        "threads": 1.5833333333333333
    }
}