{
    "time": {
        "cpu_time_user": "00:00:00.280",
        "cpu_time_system": "00:00:00.090",
        "runtime": "00:00:00.507",
        "cpu_time_iowait": "00:00:00.000"
    },
    "peak_resources": {
        "cpu_percent": 98.7,
        "memory_rss": "106MiB",
        "memory_vms": "273MiB",
        "threads": 2
    },
    "avg_resources": {
        "cpu_percent": 52.142857142857146,
        "memory_rss": "56MiB",
        "memory_vms": "178MiB",
        "threads": 1.4285714285714286
    }
}