{
    "time": {
        "cpu_time_user": "00:00:00.460",
        "cpu_time_system": "00:00:00.070",
        "runtime": "00:00:00.614",
        "cpu_time_iowait": "00:00:00.000"
    },
    "peak_resources": {
        "cpu_percent": 99.4,
        "memory_rss": "116MiB",
        "memory_vms": "294MiB",
        "threads": 2
    },
    "avg_resources": {
        "cpu_percent": 64.21428571428571,
        "memory_rss": "61MiB",
        "memory_vms": "189MiB",
        "threads": 1.4285714285714286
    }
}