{
    "time": {
        "cpu_time_user": "00:00:00.790",
        "cpu_time_system": "00:00:00.240",
        "runtime": "00:00:01.380",
        "cpu_time_iowait": "00:00:00.000"
    },
    "peak_resources": {
        "cpu_percent": 108.8,
        "memory_rss": "193MiB",
        "memory_vms": "391MiB",
        "threads": 2
    },
    "avg_resources": {
        "cpu_percent": 63.29285714285715,
        "memory_rss": "98MiB",
        "memory_vms": "241MiB",
        "threads": 1.5714285714285714
    }
}