{
    "time": {
        "cpu_time_user": "00:00:01.260",
        "cpu_time_system": "00:00:00.210",
        "runtime": "00:00:01.800",
        "cpu_time_iowait": "00:00:00.000"
    },
    "peak_resources": {
        "cpu_percent": 99.4,
        "memory_rss": "170MiB",
        "memory_vms": "335MiB",
        "threads": 2
    },
    "avg_resources": {
        "cpu_percent": 71.71764705882352,
        "memory_rss": "122MiB",
        "memory_vms": "268MiB",
        "threads": 1.7647058823529411
    }
}