{
	"antenna_diodes_count": 0,
	"design__instance__displacement__total": 0,
	"design__instance__displacement__mean": 0,
	"design__instance__displacement__max": 0,
	"route__wirelength__estimated": 19550.1,
	"design__violations": 0,
	"design__io": 112,
	"design__die__area": 62500,
	"design__core__area": 50950.6,
	"design__instance__count": 928,
	"design__instance__area": 12420.4,
	"design__instance__count__stdcell": 928,
	"design__instance__area__stdcell": 12420.4,
	"design__instance__count__macros": 0,
	"design__instance__area__macros": 0,
	"design__instance__utilization": 0.243774,
	"design__instance__utilization__stdcell": 0.243774,
	"design__instance__count__class:tap_cell": 425,
	"design__instance__count__class:tie_cell": 4,
	"design__instance__count__class:buffer": 34,
	"design__instance__count__class:clock_buffer": 5,
	"design__instance__count__class:timing_repair_buffer": 214,
	"design__instance__count__class:inverter": 7,
	"design__instance__count__class:clock_inverter": 3,
	"design__instance__count__class:sequential_cell": 34,
	"design__instance__count__class:multi_input_combinational_cell": 202,
	"flow__warnings__count": 0,
	"flow__errors__count": 0
}