{
    "time": {
        "cpu_time_user": "00:00:03.890",
        "cpu_time_system": "00:00:00.150",
        "runtime": "00:00:04.154",
        "cpu_time_iowait": "00:00:00.000"
    },
    "peak_resources": {
        "cpu_percent": 115.4,
        "memory_rss": "165MiB",
        "memory_vms": "180MiB",
        "threads": 1
    },
    "avg_resources": {
        "cpu_percent": 92.74418604651163,
        "memory_rss": "113MiB",
        "memory_vms": "127MiB",
        "threads": 0.9767441860465116
    }
}