{
    "time": {
        "cpu_time_user": "00:00:14.769",
        "cpu_time_system": "00:00:00.460",
        "runtime": "00:00:16.033",
        "cpu_time_iowait": "00:00:00.000"
    },
    "peak_resources": {
        "cpu_percent": 109.3,
        "memory_rss": "295MiB",
        "memory_vms": "528MiB",
        "threads": 2
    },
    "avg_resources": {
        "cpu_percent": 93.95723270440237,
        "memory_rss": "203MiB",
        "memory_vms": "404MiB",
        "threads": 1.9622641509433962
    }
}