{
    "time": {
        "cpu_time_user": "00:00:00.310",
        "cpu_time_system": "00:00:00.090",
        "runtime": "00:00:00.721",
        "cpu_time_iowait": "00:00:00.000"
    },
    "peak_resources": {
        "cpu_percent": 79.5,
        "memory_rss": "106MiB",
        "memory_vms": "274MiB",
        "threads": 2
    },
    "avg_resources": {
        "cpu_percent": 43.400000000000006,
        "memory_rss": "49MiB",
        "memory_vms": "154MiB",
        "threads": 1.3333333333333333
    }
}