{
    "STD_CELL_LIBRARY": "gf180mcu_as_sc_mcu7t3v3",
    "VDD_PIN": "VDD",
    "VDD_PIN_VOLTAGE": 5,
    "GND_PIN": "VSS",
    "WIRE_LENGTH_THRESHOLD": null,
    "TECH_LEFS": {
        "nom_*": "/foss/designs/example_project/psdk/gf180mcuD/libs.ref/gf180mcu_as_sc_mcu7t3v3/techlef/gf180mcu_as_sc_mcu7t3v3__nom.tlef",
        "min_*": "/foss/designs/example_project/psdk/gf180mcuD/libs.ref/gf180mcu_as_sc_mcu7t3v3/techlef/gf180mcu_as_sc_mcu7t3v3__min.tlef",
        "max_*": "/foss/designs/example_project/psdk/gf180mcuD/libs.ref/gf180mcu_as_sc_mcu7t3v3/techlef/gf180mcu_as_sc_mcu7t3v3__max.tlef"
    },
    "GPIO_PADS_LEF": null,
    "GPIO_PADS_LEF_CORE_SIDE": null,
    "GPIO_PADS_VERILOG": null,
    "GPIO_PAD_CELLS": null,
    "PRIMARY_GDSII_STREAMOUT_TOOL": "magic",
    "DEFAULT_MAX_TRAN": null,
    "SIGNAL_WIRE_RC_LAYERS": null,
    "CLOCK_WIRE_RC_LAYERS": null,
    "DEFAULT_CORNER": "nom_tt_025C_3v30",
    "STA_CORNERS": [
        "nom_tt_025C_3v30",
        "min_tt_025C_3v30",
        "max_tt_025C_3v30"
    ],
    "FP_TRACKS_INFO": "/foss/designs/example_project/psdk/gf180mcuD/libs.tech/openlane/gf180mcu_as_sc_mcu7t3v3/tracks.info",
    "FP_TAPCELL_DIST": 20,
    "FP_IO_HLAYER": "Metal3",
    "FP_IO_VLAYER": "Metal2",
    "RT_MIN_LAYER": "Metal2",
    "RT_MAX_LAYER": "Metal4",
    "SCL_GROUND_PINS": [
        "VSS",
        "VPW"
    ],
    "SCL_POWER_PINS": [
        "VDD",
        "VNW"
    ],
    "TRISTATE_CELLS": [
        "gf180mcu_as_sc_mcu7t3v3__bufz*"
    ],
    "FILL_CELL": [
        "gf180mcu_as_sc_mcu7t3v3__fill_*"
    ],
    "DECAP_CELL": [
        "gf180mcu_as_sc_mcu7t3v3__decap_*"
    ],
    "LIB": {
        "*_tt_025C_3v30": [
            "/foss/designs/example_project/psdk/gf180mcuD/libs.ref/gf180mcu_as_sc_mcu7t3v3/lib/gf180mcu_as_sc_mcu7t3v3__tt_025C_3v30.lib"
        ]
    },
    "CELL_LEFS": [
        "/foss/designs/example_project/psdk/gf180mcuD/libs.ref/gf180mcu_as_sc_mcu7t3v3/lef/gf180mcu_as_sc_mcu7t3v3.lef"
    ],
    "CELL_GDS": [
        "/foss/designs/example_project/psdk/gf180mcuD/libs.ref/gf180mcu_as_sc_mcu7t3v3/gds/gf180mcu_as_sc_mcu7t3v3__tieh_4.gds",
        "/foss/designs/example_project/psdk/gf180mcuD/libs.ref/gf180mcu_as_sc_mcu7t3v3/gds/gf180mcu_as_sc_mcu7t3v3__nor3_2.gds",
        "/foss/designs/example_project/psdk/gf180mcuD/libs.ref/gf180mcu_as_sc_mcu7t3v3/gds/gf180mcu_as_sc_mcu7t3v3__nand3_2.gds",
        "/foss/designs/example_project/psdk/gf180mcuD/libs.ref/gf180mcu_as_sc_mcu7t3v3/gds/gf180mcu_as_sc_mcu7t3v3__inv_4.gds",
        "/foss/designs/example_project/psdk/gf180mcuD/libs.ref/gf180mcu_as_sc_mcu7t3v3/gds/gf180mcu_as_sc_mcu7t3v3__decap_16.gds",
        "/foss/designs/example_project/psdk/gf180mcuD/libs.ref/gf180mcu_as_sc_mcu7t3v3/gds/gf180mcu_as_sc_mcu7t3v3__nor2b_2.gds",
        "/foss/designs/example_project/psdk/gf180mcuD/libs.ref/gf180mcu_as_sc_mcu7t3v3/gds/gf180mcu_as_sc_mcu7t3v3__aoi31_2.gds",
        "/foss/designs/example_project/psdk/gf180mcuD/libs.ref/gf180mcu_as_sc_mcu7t3v3/gds/gf180mcu_as_sc_mcu7t3v3__nand2b_4.gds",
        "/foss/designs/example_project/psdk/gf180mcuD/libs.ref/gf180mcu_as_sc_mcu7t3v3/gds/gf180mcu_as_sc_mcu7t3v3__ao22_4.gds",
        "/foss/designs/example_project/psdk/gf180mcuD/libs.ref/gf180mcu_as_sc_mcu7t3v3/gds/gf180mcu_as_sc_mcu7t3v3__xnor2_4.gds",
        "/foss/designs/example_project/psdk/gf180mcuD/libs.ref/gf180mcu_as_sc_mcu7t3v3/gds/gf180mcu_as_sc_mcu7t3v3__dfxtp_2.gds",
        "/foss/designs/example_project/psdk/gf180mcuD/libs.ref/gf180mcu_as_sc_mcu7t3v3/gds/gf180mcu_as_sc_mcu7t3v3__nand2_4.gds",
        "/foss/designs/example_project/psdk/gf180mcuD/libs.ref/gf180mcu_as_sc_mcu7t3v3/gds/gf180mcu_as_sc_mcu7t3v3__decap_4.gds",
        "/foss/designs/example_project/psdk/gf180mcuD/libs.ref/gf180mcu_as_sc_mcu7t3v3/gds/gf180mcu_as_sc_mcu7t3v3__tap_2.gds",
        "/foss/designs/example_project/psdk/gf180mcuD/libs.ref/gf180mcu_as_sc_mcu7t3v3/gds/gf180mcu_as_sc_mcu7t3v3__fill_1.gds",
        "/foss/designs/example_project/psdk/gf180mcuD/libs.ref/gf180mcu_as_sc_mcu7t3v3/gds/gf180mcu_as_sc_mcu7t3v3__mux2_2.gds",
        "/foss/designs/example_project/psdk/gf180mcuD/libs.ref/gf180mcu_as_sc_mcu7t3v3/gds/gf180mcu_as_sc_mcu7t3v3__aoi31_4.gds",
        "/foss/designs/example_project/psdk/gf180mcuD/libs.ref/gf180mcu_as_sc_mcu7t3v3/gds/gf180mcu_as_sc_mcu7t3v3__ao21_2.gds",
        "/foss/designs/example_project/psdk/gf180mcuD/libs.ref/gf180mcu_as_sc_mcu7t3v3/gds/gf180mcu_as_sc_mcu7t3v3__inv_2.gds",
        "/foss/designs/example_project/psdk/gf180mcuD/libs.ref/gf180mcu_as_sc_mcu7t3v3/gds/gf180mcu_as_sc_mcu7t3v3__nand4_2.gds",
        "/foss/designs/example_project/psdk/gf180mcuD/libs.ref/gf180mcu_as_sc_mcu7t3v3/gds/gf180mcu_as_sc_mcu7t3v3__xnor2_2.gds",
        "/foss/designs/example_project/psdk/gf180mcuD/libs.ref/gf180mcu_as_sc_mcu7t3v3/gds/gf180mcu_as_sc_mcu7t3v3__nand2b_2.gds",
        "/foss/designs/example_project/psdk/gf180mcuD/libs.ref/gf180mcu_as_sc_mcu7t3v3/gds/gf180mcu_as_sc_mcu7t3v3__clkbuff_8.gds",
        "/foss/designs/example_project/psdk/gf180mcuD/libs.ref/gf180mcu_as_sc_mcu7t3v3/gds/gf180mcu_as_sc_mcu7t3v3__buff_4.gds",
        "/foss/designs/example_project/psdk/gf180mcuD/libs.ref/gf180mcu_as_sc_mcu7t3v3/gds/gf180mcu_as_sc_mcu7t3v3__inv_6.gds",
        "/foss/designs/example_project/psdk/gf180mcuD/libs.ref/gf180mcu_as_sc_mcu7t3v3/gds/gf180mcu_as_sc_mcu7t3v3__clkbuff_4.gds",
        "/foss/designs/example_project/psdk/gf180mcuD/libs.ref/gf180mcu_as_sc_mcu7t3v3/gds/gf180mcu_as_sc_mcu7t3v3__aoi22_2.gds",
        "/foss/designs/example_project/psdk/gf180mcuD/libs.ref/gf180mcu_as_sc_mcu7t3v3/gds/gf180mcu_as_sc_mcu7t3v3__diode_2.gds",
        "/foss/designs/example_project/psdk/gf180mcuD/libs.ref/gf180mcu_as_sc_mcu7t3v3/gds/gf180mcu_as_sc_mcu7t3v3__dfxtn_2.gds",
        "/foss/designs/example_project/psdk/gf180mcuD/libs.ref/gf180mcu_as_sc_mcu7t3v3/gds/gf180mcu_as_sc_mcu7t3v3__or2_2.gds",
        "/foss/designs/example_project/psdk/gf180mcuD/libs.ref/gf180mcu_as_sc_mcu7t3v3/gds/gf180mcu_as_sc_mcu7t3v3__aoi21_2.gds",
        "/foss/designs/example_project/psdk/gf180mcuD/libs.ref/gf180mcu_as_sc_mcu7t3v3/gds/gf180mcu_as_sc_mcu7t3v3__mux2_4.gds",
        "/foss/designs/example_project/psdk/gf180mcuD/libs.ref/gf180mcu_as_sc_mcu7t3v3/gds/gf180mcu_as_sc_mcu7t3v3__nor2_4.gds",
        "/foss/designs/example_project/psdk/gf180mcuD/libs.ref/gf180mcu_as_sc_mcu7t3v3/gds/gf180mcu_as_sc_mcu7t3v3__ao31_2.gds",
        "/foss/designs/example_project/psdk/gf180mcuD/libs.ref/gf180mcu_as_sc_mcu7t3v3/gds/gf180mcu_as_sc_mcu7t3v3__clkbuff_12.gds",
        "/foss/designs/example_project/psdk/gf180mcuD/libs.ref/gf180mcu_as_sc_mcu7t3v3/gds/gf180mcu_as_sc_mcu7t3v3__buff_8.gds",
        "/foss/designs/example_project/psdk/gf180mcuD/libs.ref/gf180mcu_as_sc_mcu7t3v3/gds/gf180mcu_as_sc_mcu7t3v3__ao22_2.gds",
        "/foss/designs/example_project/psdk/gf180mcuD/libs.ref/gf180mcu_as_sc_mcu7t3v3/gds/gf180mcu_as_sc_mcu7t3v3__fill_8.gds",
        "/foss/designs/example_project/psdk/gf180mcuD/libs.ref/gf180mcu_as_sc_mcu7t3v3/gds/gf180mcu_as_sc_mcu7t3v3__or2_4.gds",
        "/foss/designs/example_project/psdk/gf180mcuD/libs.ref/gf180mcu_as_sc_mcu7t3v3/gds/gf180mcu_as_sc_mcu7t3v3__buff_2.gds",
        "/foss/designs/example_project/psdk/gf180mcuD/libs.ref/gf180mcu_as_sc_mcu7t3v3/gds/gf180mcu_as_sc_mcu7t3v3__nand2_2.gds",
        "/foss/designs/example_project/psdk/gf180mcuD/libs.ref/gf180mcu_as_sc_mcu7t3v3/gds/gf180mcu_as_sc_mcu7t3v3__tiel_4.gds",
        "/foss/designs/example_project/psdk/gf180mcuD/libs.ref/gf180mcu_as_sc_mcu7t3v3/gds/gf180mcu_as_sc_mcu7t3v3__nor2b_4.gds",
        "/foss/designs/example_project/psdk/gf180mcuD/libs.ref/gf180mcu_as_sc_mcu7t3v3/gds/gf180mcu_as_sc_mcu7t3v3__aoi21_4.gds",
        "/foss/designs/example_project/psdk/gf180mcuD/libs.ref/gf180mcu_as_sc_mcu7t3v3/gds/gf180mcu_as_sc_mcu7t3v3__aoi22_4.gds",
        "/foss/designs/example_project/psdk/gf180mcuD/libs.ref/gf180mcu_as_sc_mcu7t3v3/gds/gf180mcu_as_sc_mcu7t3v3__maj3_4.gds",
        "/foss/designs/example_project/psdk/gf180mcuD/libs.ref/gf180mcu_as_sc_mcu7t3v3/gds/gf180mcu_as_sc_mcu7t3v3__nor2_2.gds",
        "/foss/designs/example_project/psdk/gf180mcuD/libs.ref/gf180mcu_as_sc_mcu7t3v3/gds/gf180mcu_as_sc_mcu7t3v3__ao31_4.gds",
        "/foss/designs/example_project/psdk/gf180mcuD/libs.ref/gf180mcu_as_sc_mcu7t3v3/gds/gf180mcu_as_sc_mcu7t3v3__fill_4.gds",
        "/foss/designs/example_project/psdk/gf180mcuD/libs.ref/gf180mcu_as_sc_mcu7t3v3/gds/gf180mcu_as_sc_mcu7t3v3__maj3_2.gds",
        "/foss/designs/example_project/psdk/gf180mcuD/libs.ref/gf180mcu_as_sc_mcu7t3v3/gds/gf180mcu_as_sc_mcu7t3v3__ao21_4.gds",
        "/foss/designs/example_project/psdk/gf180mcuD/libs.ref/gf180mcu_as_sc_mcu7t3v3/gds/gf180mcu_as_sc_mcu7t3v3__buff_12.gds",
        "/foss/designs/example_project/psdk/gf180mcuD/libs.ref/gf180mcu_as_sc_mcu7t3v3/gds/gf180mcu_as_sc_mcu7t3v3__decap_8.gds",
        "/foss/designs/example_project/psdk/gf180mcuD/libs.ref/gf180mcu_as_sc_mcu7t3v3/gds/gf180mcu_as_sc_mcu7t3v3__and2_2.gds",
        "/foss/designs/example_project/psdk/gf180mcuD/libs.ref/gf180mcu_as_sc_mcu7t3v3/gds/gf180mcu_as_sc_mcu7t3v3__and2_4.gds",
        "/foss/designs/example_project/psdk/gf180mcuD/libs.ref/gf180mcu_as_sc_mcu7t3v3/gds/gf180mcu_as_sc_mcu7t3v3__fill_2.gds"
    ],
    "CELL_VERILOG_MODELS": [
        "/foss/designs/example_project/psdk/gf180mcuD/libs.ref/gf180mcu_as_sc_mcu7t3v3/verilog/gf180mcu_as_sc_mcu7t3v3.v"
    ],
    "CELL_BB_VERILOG_MODELS": null,
    "CELL_SPICE_MODELS": [],
    "SYNTH_EXCLUDED_CELL_FILE": "/foss/designs/example_project/psdk/gf180mcuD/libs.tech/openlane/gf180mcu_as_sc_mcu7t3v3/no_synth.cells",
    "PNR_EXCLUDED_CELL_FILE": "/foss/designs/example_project/psdk/gf180mcuD/libs.tech/openlane/gf180mcu_as_sc_mcu7t3v3/drc_exclude.cells",
    "OUTPUT_CAP_LOAD": 72.91,
    "MAX_FANOUT_CONSTRAINT": 4,
    "MAX_TRANSITION_CONSTRAINT": 1.5,
    "MAX_CAPACITANCE_CONSTRAINT": 0.2,
    "CLOCK_UNCERTAINTY_CONSTRAINT": 0.25,
    "CLOCK_TRANSITION_CONSTRAINT": 0.15,
    "TIME_DERATING_CONSTRAINT": 5,
    "IO_DELAY_CONSTRAINT": 20,
    "SYNTH_DRIVING_CELL": "gf180mcu_as_sc_mcu7t3v3__inv_2/Y",
    "SYNTH_CLK_DRIVING_CELL": "gf180mcu_as_sc_mcu7t3v3__inv_4/Y",
    "SYNTH_TIEHI_CELL": "gf180mcu_as_sc_mcu7t3v3__tieh_4/ONE",
    "SYNTH_TIELO_CELL": "gf180mcu_as_sc_mcu7t3v3__tiel_4/ZERO",
    "SYNTH_BUFFER_CELL": "gf180mcu_as_sc_mcu7t3v3__buff_2/A/Y",
    "WELLTAP_CELL": "gf180mcu_as_sc_mcu7t3v3__tap_2",
    "ENDCAP_CELL": "gf180mcu_as_sc_mcu7t3v3__tap_2",
    "PLACE_SITE": "unithd",
    "CELL_PAD_EXCLUDE": [
        "gf180mcu_as_sc_mcu7t3v3__tap_2",
        "gf180mcu_as_sc_mcu7t3v3__fill_*"
    ],
    "DIODE_CELL": "gf180mcu_as_sc_mcu7t3v3__diode_2/DIODE",
    "DESIGN_DIR": "/foss/designs/example_project",
    "PDK_ROOT": "/foss/designs/example_project/psdk",
    "DESIGN_NAME": "user_project_example",
    "PDK": "gf180mcuD",
    "CLOCK_PERIOD": 20,
    "CLOCK_PORT": "clk_i",
    "CLOCK_NET": null,
    "VDD_NETS": [
        "VDD"
    ],
    "GND_NETS": [
        "VSS"
    ],
    "DIE_AREA": [
        0,
        0,
        250,
        250
    ],
    "EXTRA_EXCLUDED_CELLS": null,
    "MACROS": null,
    "EXTRA_LEFS": null,
    "EXTRA_VERILOG_MODELS": null,
    "EXTRA_SPICE_MODELS": null,
    "EXTRA_LIBS": null,
    "EXTRA_GDS_FILES": null,
    "FALLBACK_SDC_FILE": "/usr/local/lib/python3.12/dist-packages/librelane/scripts/base.sdc",
    "RUN_TAP_ENDCAP_INSERTION": true,
    "RUN_POST_GPL_DESIGN_REPAIR": true,
    "RUN_POST_GRT_DESIGN_REPAIR": false,
    "RUN_CTS": true,
    "RUN_POST_CTS_RESIZER_TIMING": true,
    "RUN_POST_GRT_RESIZER_TIMING": false,
    "RUN_HEURISTIC_DIODE_INSERTION": false,
    "RUN_ANTENNA_REPAIR": true,
    "RUN_DRT": true,
    "RUN_FILL_INSERTION": true,
    "RUN_MCSTA": true,
    "RUN_SPEF_EXTRACTION": true,
    "RUN_IRDROP_REPORT": true,
    "RUN_LVS": true,
    "RUN_MAGIC_STREAMOUT": true,
    "RUN_KLAYOUT_STREAMOUT": true,
    "RUN_MAGIC_WRITE_LEF": true,
    "RUN_KLAYOUT_XOR": true,
    "RUN_MAGIC_DRC": true,
    "RUN_KLAYOUT_DRC": true,
    "RUN_EQY": false,
    "RUN_LINTER": true,
    "VERILOG_FILES": [
        "/foss/designs/example_project/src/user_project_example.v"
    ],
    "VERILOG_INCLUDE_DIRS": null,
    "VERILOG_POWER_DEFINE": "USE_POWER_PINS",
    "LINTER_INCLUDE_PDK_MODELS": false,
    "LINTER_RELATIVE_INCLUDES": true,
    "LINTER_ERROR_ON_LATCH": true,
    "VERILOG_DEFINES": null,
    "LINTER_DEFINES": null,
    "ERROR_ON_LINTER_TIMING_CONSTRUCTS": true,
    "ERROR_ON_LINTER_ERRORS": true,
    "ERROR_ON_LINTER_WARNINGS": false,
    "SYNTH_LATCH_MAP": null,
    "SYNTH_TRISTATE_MAP": null,
    "SYNTH_CSA_MAP": null,
    "SYNTH_RCA_MAP": null,
    "SYNTH_FA_MAP": null,
    "SYNTH_MUX_MAP": "/foss/designs/example_project/psdk/gf180mcuD/libs.tech/openlane/gf180mcu_as_sc_mcu7t3v3/mux2_map.v",
    "SYNTH_MUX4_MAP": null,
    "USE_LIGHTER": false,
    "LIGHTER_DFF_MAP": null,
    "YOSYS_LOG_LEVEL": "ALL",
    "SYNTH_PARAMETERS": null,
    "USE_SYNLIG": false,
    "SYNLIG_DEFER": false,
    "SYNTH_CHECKS_ALLOW_TRISTATE": true,
    "SYNTH_AUTONAME": false,
    "SYNTH_STRATEGY": "DELAY 0",
    "SYNTH_ABC_BUFFERING": false,
    "SYNTH_ABC_LEGACY_REFACTOR": false,
    "SYNTH_ABC_LEGACY_REWRITE": false,
    "SYNTH_ABC_DFF": false,
    "SYNTH_ABC_USE_MFS3": false,
    "SYNTH_ABC_AREA_USE_NF": false,
    "SYNTH_DIRECT_WIRE_BUFFERING": true,
    "SYNTH_SPLITNETS": true,
    "SYNTH_SIZING": false,
    "SYNTH_HIERARCHY_MODE": "flatten",
    "SYNTH_SHARE_RESOURCES": true,
    "SYNTH_ADDER_TYPE": "YOSYS",
    "SYNTH_EXTRA_MAPPING_FILE": null,
    "SYNTH_ELABORATE_ONLY": false,
    "SYNTH_ELABORATE_FLATTEN": true,
    "SYNTH_MUL_BOOTH": false,
    "SYNTH_TIE_UNDEFINED": "low",
    "SYNTH_WRITE_NOATTR": true,
    "ERROR_ON_UNMAPPED_CELLS": true,
    "ERROR_ON_SYNTH_CHECKS": true,
    "ERROR_ON_NL_ASSIGN_STATEMENTS": true,
    "PNR_SDC_FILE": null,
    "SIGNOFF_SDC_FILE": null,
    "PDN_CONNECT_MACROS_TO_GRID": true,
    "PDN_MACRO_CONNECTIONS": null,
    "PDN_ENABLE_GLOBAL_CONNECTIONS": true,
    "FP_DEF_TEMPLATE": null,
    "STA_MACRO_PRIORITIZE_NL": true,
    "STA_MAX_VIOLATOR_COUNT": null,
    "EXTRA_SPEFS": null,
    "STA_THREADS": null,
    "FP_SIZING": "absolute",
    "FP_ASPECT_RATIO": 1,
    "FP_CORE_UTIL": 50,
    "FP_OBSTRUCTIONS": null,
    "PL_SOFT_OBSTRUCTIONS": null,
    "CORE_AREA": null,
    "BOTTOM_MARGIN_MULT": 4,
    "TOP_MARGIN_MULT": 4,
    "LEFT_MARGIN_MULT": 12,
    "RIGHT_MARGIN_MULT": 12,
    "EXTRA_SITES": null,
    "MACRO_PLACEMENT_CFG": null,
    "FP_MACRO_HORIZONTAL_HALO": 10,
    "FP_MACRO_VERTICAL_HALO": 10,
    "PDN_OBSTRUCTIONS": null,
    "FP_PDN_SKIPTRIM": false,
    "FP_PDN_CORE_RING": false,
    "FP_PDN_ENABLE_RAILS": true,
    "FP_PDN_HORIZONTAL_HALO": 10,
    "FP_PDN_VERTICAL_HALO": 10,
    "FP_PDN_MULTILAYER": false,
    "FP_PDN_RAIL_OFFSET": 0,
    "FP_PDN_VWIDTH": 1.6,
    "FP_PDN_HWIDTH": 1.6,
    "FP_PDN_VSPACING": 1.7,
    "FP_PDN_HSPACING": 1.7,
    "FP_PDN_VPITCH": 153.6,
    "FP_PDN_HPITCH": 153.18,
    "FP_PDN_VOFFSET": 16.32,
    "FP_PDN_HOFFSET": 16.65,
    "FP_PDN_CORE_RING_VWIDTH": 1.6,
    "FP_PDN_CORE_RING_HWIDTH": 1.6,
    "FP_PDN_CORE_RING_VSPACING": 1.7,
    "FP_PDN_CORE_RING_HSPACING": 1.7,
    "FP_PDN_CORE_RING_VOFFSET": 6,
    "FP_PDN_CORE_RING_HOFFSET": 6,
    "FP_PDN_RAIL_LAYER": "Metal1",
    "FP_PDN_RAIL_WIDTH": 0.6,
    "FP_PDN_HORIZONTAL_LAYER": "Metal5",
    "FP_PDN_VERTICAL_LAYER": "Metal4",
    "FP_PDN_CFG": null,
    "ROUTING_OBSTRUCTIONS": null,
    "RT_CLOCK_MIN_LAYER": null,
    "RT_CLOCK_MAX_LAYER": null,
    "GRT_ADJUSTMENT": 0.3,
    "GRT_MACRO_EXTENSION": 0,
    "GRT_LAYER_ADJUSTMENTS": [
        0,
        0,
        0,
        0,
        0
    ],
    "PL_TARGET_DENSITY_PCT": null,
    "PL_SKIP_INITIAL_PLACEMENT": false,
    "PL_WIRE_LENGTH_COEF": 0.25,
    "PL_MIN_PHI_COEFFICIENT": null,
    "PL_MAX_PHI_COEFFICIENT": null,
    "GPL_CELL_PADDING": 0,
    "FP_PPL_MODE": "matching",
    "FP_IO_VEXTEND": 0,
    "FP_IO_HEXTEND": 0,
    "FP_IO_VTHICKNESS_MULT": 2,
    "FP_IO_HTHICKNESS_MULT": 2,
    "FP_IO_MIN_DISTANCE": 3,
    "FP_PIN_ORDER_CFG": "/foss/designs/example_project/pin_order.cfg",
    "FP_IO_VLENGTH": 4,
    "FP_IO_HLENGTH": 4,
    "ERRORS_ON_UNMATCHED_IO": "unmatched_design",
    "FP_TEMPLATE_MATCH_MODE": "strict",
    "FP_TEMPLATE_COPY_POWER_PINS": false,
    "PL_TIME_DRIVEN": true,
    "PL_ROUTABILITY_DRIVEN": true,
    "PL_ROUTABILITY_OVERFLOW_THRESHOLD": null,
    "ERROR_ON_PDN_VIOLATIONS": true,
    "DIODE_PADDING": null,
    "GRT_ALLOW_CONGESTION": false,
    "GRT_ANTENNA_ITERS": 3,
    "GRT_OVERFLOW_ITERS": 50,
    "GRT_ANTENNA_MARGIN": 10,
    "PL_OPTIMIZE_MIRRORING": true,
    "PL_MAX_DISPLACEMENT_X": 500,
    "PL_MAX_DISPLACEMENT_Y": 100,
    "DPL_CELL_PADDING": 0,
    "RSZ_DONT_TOUCH_RX": "$^",
    "RSZ_DONT_TOUCH_LIST": null,
    "RSZ_CORNERS": null,
    "DESIGN_REPAIR_BUFFER_INPUT_PORTS": true,
    "DESIGN_REPAIR_BUFFER_OUTPUT_PORTS": true,
    "DESIGN_REPAIR_TIE_FANOUT": true,
    "DESIGN_REPAIR_TIE_SEPARATION": false,
    "DESIGN_REPAIR_MAX_WIRE_LENGTH": 0,
    "DESIGN_REPAIR_MAX_SLEW_PCT": 20,
    "DESIGN_REPAIR_MAX_CAP_PCT": 20,
    "DESIGN_REPAIR_REMOVE_BUFFERS": false,
    "MANUAL_GLOBAL_PLACEMENTS": null,
    "CTS_SINK_CLUSTERING_SIZE": 25,
    "CTS_SINK_CLUSTERING_MAX_DIAMETER": 50,
    "CTS_CLK_MAX_WIRE_LENGTH": 0,
    "CTS_DISABLE_POST_PROCESSING": false,
    "CTS_DISTANCE_BETWEEN_BUFFERS": 0,
    "CTS_CORNERS": null,
    "CTS_ROOT_BUFFER": "gf180mcu_as_sc_mcu7t3v3__clkbuff_12",
    "CTS_CLK_BUFFERS": [
        "gf180mcu_as_sc_mcu7t3v3__clkbuff_4",
        "gf180mcu_as_sc_mcu7t3v3__clkbuff_8",
        "gf180mcu_as_sc_mcu7t3v3__clkbuff_12"
    ],
    "CTS_MAX_CAP": null,
    "CTS_MAX_SLEW": null,
    "PL_RESIZER_HOLD_SLACK_MARGIN": 0.1,
    "PL_RESIZER_SETUP_SLACK_MARGIN": 0.05,
    "PL_RESIZER_HOLD_MAX_BUFFER_PCT": 50,
    "PL_RESIZER_SETUP_MAX_BUFFER_PCT": 50,
    "PL_RESIZER_ALLOW_SETUP_VIOS": false,
    "PL_RESIZER_GATE_CLONING": true,
    "PL_RESIZER_FIX_HOLD_FIRST": false,
    "GRT_DESIGN_REPAIR_RUN_GRT": true,
    "GRT_DESIGN_REPAIR_MAX_WIRE_LENGTH": 0,
    "GRT_DESIGN_REPAIR_MAX_SLEW_PCT": 10,
    "GRT_DESIGN_REPAIR_MAX_CAP_PCT": 10,
    "DIODE_ON_PORTS": "none",
    "HEURISTIC_ANTENNA_THRESHOLD": 130,
    "GRT_RESIZER_HOLD_SLACK_MARGIN": 0.05,
    "GRT_RESIZER_SETUP_SLACK_MARGIN": 0.025,
    "GRT_RESIZER_HOLD_MAX_BUFFER_PCT": 50,
    "GRT_RESIZER_SETUP_MAX_BUFFER_PCT": 50,
    "GRT_RESIZER_ALLOW_SETUP_VIOS": false,
    "GRT_RESIZER_GATE_CLONING": true,
    "GRT_RESIZER_RUN_GRT": true,
    "GRT_RESIZER_FIX_HOLD_FIRST": false,
    "DRT_THREADS": null,
    "DRT_MIN_LAYER": null,
    "DRT_MAX_LAYER": null,
    "DRT_OPT_ITERS": 64,
    "ERROR_ON_TR_DRC": true,
    "IGNORE_DISCONNECTED_MODULES": null,
    "ERROR_ON_DISCONNECTED_PINS": true,
    "ERROR_ON_LONG_WIRE": true,
    "RCX_MERGE_VIA_WIRE_RES": true,
    "RCX_SDC_FILE": null,
    "RCX_RULESETS": {
        "nom_*": "/foss/designs/example_project/psdk/gf180mcuD/libs.tech/openlane/rules.openrcx.gf180mcuD.nom",
        "min_*": "/foss/designs/example_project/psdk/gf180mcuD/libs.tech/openlane/rules.openrcx.gf180mcuD.min",
        "max_*": "/foss/designs/example_project/psdk/gf180mcuD/libs.tech/openlane/rules.openrcx.gf180mcuD.max"
    },
    "VSRC_LOC_FILES": null,
    "MAGIC_DEF_LABELS": true,
    "MAGIC_GDS_POLYGON_SUBCELLS": false,
    "MAGIC_DEF_NO_BLOCKAGES": true,
    "MAGIC_INCLUDE_GDS_POINTERS": false,
    "MAGICRC": "/foss/designs/example_project/psdk/gf180mcuD/libs.tech/magic/gf180mcuD.magicrc",
    "MAGIC_TECH": "/foss/designs/example_project/psdk/gf180mcuD/libs.tech/magic/gf180mcuD.tech",
    "MAGIC_PDK_SETUP": "/foss/designs/example_project/psdk/gf180mcuD/libs.tech/magic/gf180mcuD.tcl",
    "CELL_MAGS": [
        "/foss/designs/example_project/psdk/gf180mcuD/libs.ref/gf180mcu_as_sc_mcu7t3v3/mag/gf180mcu_as_sc_mcu7t3v3__and2_2.mag",
        "/foss/designs/example_project/psdk/gf180mcuD/libs.ref/gf180mcu_as_sc_mcu7t3v3/mag/gf180mcu_as_sc_mcu7t3v3__and2_4.mag",
        "/foss/designs/example_project/psdk/gf180mcuD/libs.ref/gf180mcu_as_sc_mcu7t3v3/mag/gf180mcu_as_sc_mcu7t3v3__ao21_2.mag",
        "/foss/designs/example_project/psdk/gf180mcuD/libs.ref/gf180mcu_as_sc_mcu7t3v3/mag/gf180mcu_as_sc_mcu7t3v3__ao21_4.mag",
        "/foss/designs/example_project/psdk/gf180mcuD/libs.ref/gf180mcu_as_sc_mcu7t3v3/mag/gf180mcu_as_sc_mcu7t3v3__ao22_2.mag",
        "/foss/designs/example_project/psdk/gf180mcuD/libs.ref/gf180mcu_as_sc_mcu7t3v3/mag/gf180mcu_as_sc_mcu7t3v3__ao22_4.mag",
        "/foss/designs/example_project/psdk/gf180mcuD/libs.ref/gf180mcu_as_sc_mcu7t3v3/mag/gf180mcu_as_sc_mcu7t3v3__ao31_2.mag",
        "/foss/designs/example_project/psdk/gf180mcuD/libs.ref/gf180mcu_as_sc_mcu7t3v3/mag/gf180mcu_as_sc_mcu7t3v3__ao31_4.mag",
        "/foss/designs/example_project/psdk/gf180mcuD/libs.ref/gf180mcu_as_sc_mcu7t3v3/mag/gf180mcu_as_sc_mcu7t3v3__aoi21_2.mag",
        "/foss/designs/example_project/psdk/gf180mcuD/libs.ref/gf180mcu_as_sc_mcu7t3v3/mag/gf180mcu_as_sc_mcu7t3v3__aoi21_4.mag",
        "/foss/designs/example_project/psdk/gf180mcuD/libs.ref/gf180mcu_as_sc_mcu7t3v3/mag/gf180mcu_as_sc_mcu7t3v3__aoi22_2.mag",
        "/foss/designs/example_project/psdk/gf180mcuD/libs.ref/gf180mcu_as_sc_mcu7t3v3/mag/gf180mcu_as_sc_mcu7t3v3__aoi22_4.mag",
        "/foss/designs/example_project/psdk/gf180mcuD/libs.ref/gf180mcu_as_sc_mcu7t3v3/mag/gf180mcu_as_sc_mcu7t3v3__aoi31_2.mag",
        "/foss/designs/example_project/psdk/gf180mcuD/libs.ref/gf180mcu_as_sc_mcu7t3v3/mag/gf180mcu_as_sc_mcu7t3v3__aoi31_4.mag",
        "/foss/designs/example_project/psdk/gf180mcuD/libs.ref/gf180mcu_as_sc_mcu7t3v3/mag/gf180mcu_as_sc_mcu7t3v3__buff_12.mag",
        "/foss/designs/example_project/psdk/gf180mcuD/libs.ref/gf180mcu_as_sc_mcu7t3v3/mag/gf180mcu_as_sc_mcu7t3v3__buff_2.mag",
        "/foss/designs/example_project/psdk/gf180mcuD/libs.ref/gf180mcu_as_sc_mcu7t3v3/mag/gf180mcu_as_sc_mcu7t3v3__buff_4.mag",
        "/foss/designs/example_project/psdk/gf180mcuD/libs.ref/gf180mcu_as_sc_mcu7t3v3/mag/gf180mcu_as_sc_mcu7t3v3__buff_8.mag",
        "/foss/designs/example_project/psdk/gf180mcuD/libs.ref/gf180mcu_as_sc_mcu7t3v3/mag/gf180mcu_as_sc_mcu7t3v3__clkbuff_12.mag",
        "/foss/designs/example_project/psdk/gf180mcuD/libs.ref/gf180mcu_as_sc_mcu7t3v3/mag/gf180mcu_as_sc_mcu7t3v3__clkbuff_4.mag",
        "/foss/designs/example_project/psdk/gf180mcuD/libs.ref/gf180mcu_as_sc_mcu7t3v3/mag/gf180mcu_as_sc_mcu7t3v3__clkbuff_8.mag",
        "/foss/designs/example_project/psdk/gf180mcuD/libs.ref/gf180mcu_as_sc_mcu7t3v3/mag/gf180mcu_as_sc_mcu7t3v3__decap_16.mag",
        "/foss/designs/example_project/psdk/gf180mcuD/libs.ref/gf180mcu_as_sc_mcu7t3v3/mag/gf180mcu_as_sc_mcu7t3v3__decap_4.mag",
        "/foss/designs/example_project/psdk/gf180mcuD/libs.ref/gf180mcu_as_sc_mcu7t3v3/mag/gf180mcu_as_sc_mcu7t3v3__decap_8.mag",
        "/foss/designs/example_project/psdk/gf180mcuD/libs.ref/gf180mcu_as_sc_mcu7t3v3/mag/gf180mcu_as_sc_mcu7t3v3__dfxtn_2.mag",
        "/foss/designs/example_project/psdk/gf180mcuD/libs.ref/gf180mcu_as_sc_mcu7t3v3/mag/gf180mcu_as_sc_mcu7t3v3__dfxtp_2.mag",
        "/foss/designs/example_project/psdk/gf180mcuD/libs.ref/gf180mcu_as_sc_mcu7t3v3/mag/gf180mcu_as_sc_mcu7t3v3__diode_2.mag",
        "/foss/designs/example_project/psdk/gf180mcuD/libs.ref/gf180mcu_as_sc_mcu7t3v3/mag/gf180mcu_as_sc_mcu7t3v3__fill_1.mag",
        "/foss/designs/example_project/psdk/gf180mcuD/libs.ref/gf180mcu_as_sc_mcu7t3v3/mag/gf180mcu_as_sc_mcu7t3v3__fill_2.mag",
        "/foss/designs/example_project/psdk/gf180mcuD/libs.ref/gf180mcu_as_sc_mcu7t3v3/mag/gf180mcu_as_sc_mcu7t3v3__fill_4.mag",
        "/foss/designs/example_project/psdk/gf180mcuD/libs.ref/gf180mcu_as_sc_mcu7t3v3/mag/gf180mcu_as_sc_mcu7t3v3__fill_8.mag",
        "/foss/designs/example_project/psdk/gf180mcuD/libs.ref/gf180mcu_as_sc_mcu7t3v3/mag/gf180mcu_as_sc_mcu7t3v3__inv_2.mag",
        "/foss/designs/example_project/psdk/gf180mcuD/libs.ref/gf180mcu_as_sc_mcu7t3v3/mag/gf180mcu_as_sc_mcu7t3v3__inv_4.mag",
        "/foss/designs/example_project/psdk/gf180mcuD/libs.ref/gf180mcu_as_sc_mcu7t3v3/mag/gf180mcu_as_sc_mcu7t3v3__inv_6.mag",
        "/foss/designs/example_project/psdk/gf180mcuD/libs.ref/gf180mcu_as_sc_mcu7t3v3/mag/gf180mcu_as_sc_mcu7t3v3__maj3_2.mag",
        "/foss/designs/example_project/psdk/gf180mcuD/libs.ref/gf180mcu_as_sc_mcu7t3v3/mag/gf180mcu_as_sc_mcu7t3v3__maj3_4.mag",
        "/foss/designs/example_project/psdk/gf180mcuD/libs.ref/gf180mcu_as_sc_mcu7t3v3/mag/gf180mcu_as_sc_mcu7t3v3__mux2_2.mag",
        "/foss/designs/example_project/psdk/gf180mcuD/libs.ref/gf180mcu_as_sc_mcu7t3v3/mag/gf180mcu_as_sc_mcu7t3v3__mux2_4.mag",
        "/foss/designs/example_project/psdk/gf180mcuD/libs.ref/gf180mcu_as_sc_mcu7t3v3/mag/gf180mcu_as_sc_mcu7t3v3__nand2_2.mag",
        "/foss/designs/example_project/psdk/gf180mcuD/libs.ref/gf180mcu_as_sc_mcu7t3v3/mag/gf180mcu_as_sc_mcu7t3v3__nand2_4.mag",
        "/foss/designs/example_project/psdk/gf180mcuD/libs.ref/gf180mcu_as_sc_mcu7t3v3/mag/gf180mcu_as_sc_mcu7t3v3__nand2b_2.mag",
        "/foss/designs/example_project/psdk/gf180mcuD/libs.ref/gf180mcu_as_sc_mcu7t3v3/mag/gf180mcu_as_sc_mcu7t3v3__nand2b_4.mag",
        "/foss/designs/example_project/psdk/gf180mcuD/libs.ref/gf180mcu_as_sc_mcu7t3v3/mag/gf180mcu_as_sc_mcu7t3v3__nand3_2.mag",
        "/foss/designs/example_project/psdk/gf180mcuD/libs.ref/gf180mcu_as_sc_mcu7t3v3/mag/gf180mcu_as_sc_mcu7t3v3__nand4_2.mag",
        "/foss/designs/example_project/psdk/gf180mcuD/libs.ref/gf180mcu_as_sc_mcu7t3v3/mag/gf180mcu_as_sc_mcu7t3v3__nor2_2.mag",
        "/foss/designs/example_project/psdk/gf180mcuD/libs.ref/gf180mcu_as_sc_mcu7t3v3/mag/gf180mcu_as_sc_mcu7t3v3__nor2_4.mag",
        "/foss/designs/example_project/psdk/gf180mcuD/libs.ref/gf180mcu_as_sc_mcu7t3v3/mag/gf180mcu_as_sc_mcu7t3v3__nor2b_2.mag",
        "/foss/designs/example_project/psdk/gf180mcuD/libs.ref/gf180mcu_as_sc_mcu7t3v3/mag/gf180mcu_as_sc_mcu7t3v3__nor2b_4.mag",
        "/foss/designs/example_project/psdk/gf180mcuD/libs.ref/gf180mcu_as_sc_mcu7t3v3/mag/gf180mcu_as_sc_mcu7t3v3__nor3_2.mag",
        "/foss/designs/example_project/psdk/gf180mcuD/libs.ref/gf180mcu_as_sc_mcu7t3v3/mag/gf180mcu_as_sc_mcu7t3v3__or2_2.mag",
        "/foss/designs/example_project/psdk/gf180mcuD/libs.ref/gf180mcu_as_sc_mcu7t3v3/mag/gf180mcu_as_sc_mcu7t3v3__or2_4.mag",
        "/foss/designs/example_project/psdk/gf180mcuD/libs.ref/gf180mcu_as_sc_mcu7t3v3/mag/gf180mcu_as_sc_mcu7t3v3__tap_2.mag",
        "/foss/designs/example_project/psdk/gf180mcuD/libs.ref/gf180mcu_as_sc_mcu7t3v3/mag/gf180mcu_as_sc_mcu7t3v3__tieh_4.mag",
        "/foss/designs/example_project/psdk/gf180mcuD/libs.ref/gf180mcu_as_sc_mcu7t3v3/mag/gf180mcu_as_sc_mcu7t3v3__tiel_4.mag",
        "/foss/designs/example_project/psdk/gf180mcuD/libs.ref/gf180mcu_as_sc_mcu7t3v3/mag/gf180mcu_as_sc_mcu7t3v3__xnor2_2.mag",
        "/foss/designs/example_project/psdk/gf180mcuD/libs.ref/gf180mcu_as_sc_mcu7t3v3/mag/gf180mcu_as_sc_mcu7t3v3__xnor2_4.mag"
    ],
    "CELL_MAGLEFS": [],
    "MAGIC_CAPTURE_ERRORS": true,
    "MAGIC_ZEROIZE_ORIGIN": false,
    "MAGIC_DISABLE_CIF_INFO": true,
    "MAGIC_MACRO_STD_CELL_SOURCE": "macro",
    "KLAYOUT_TECH": "/foss/designs/example_project/psdk/gf180mcuD/libs.tech/klayout/tech/gf180mcu.lyt",
    "KLAYOUT_PROPERTIES": "/foss/designs/example_project/psdk/gf180mcuD/libs.tech/klayout/tech/gf180mcu.lyp",
    "KLAYOUT_DEF_LAYER_MAP": "/foss/designs/example_project/psdk/gf180mcuD/libs.tech/klayout/tech/gf180mcu.map",
    "MAGIC_LEF_WRITE_USE_GDS": false,
    "MAGIC_WRITE_FULL_LEF": false,
    "MAGIC_WRITE_LEF_PINONLY": false,
    "KLAYOUT_XOR_THREADS": null,
    "KLAYOUT_XOR_IGNORE_LAYERS": null,
    "KLAYOUT_XOR_TILE_SIZE": null,
    "ERROR_ON_XOR_ERROR": true,
    "MAGIC_DRC_USE_GDS": true,
    "KLAYOUT_DRC_RUNSET": null,
    "KLAYOUT_DRC_OPTIONS": null,
    "KLAYOUT_DRC_THREADS": null,
    "ERROR_ON_MAGIC_DRC": true,
    "ERROR_ON_KLAYOUT_DRC": true,
    "MAGIC_EXT_USE_GDS": false,
    "MAGIC_EXT_ABSTRACT_CELLS": null,
    "MAGIC_NO_EXT_UNIQUE": false,
    "MAGIC_EXT_SHORT_RESISTOR": false,
    "MAGIC_EXT_ABSTRACT": false,
    "MAGIC_FEEDBACK_CONVERSION_THRESHOLD": 10000,
    "ERROR_ON_ILLEGAL_OVERLAPS": true,
    "NETGEN_SETUP": "/foss/designs/example_project/psdk/gf180mcuD/libs.tech/netgen/gf180mcuD_setup.tcl",
    "LVS_INCLUDE_MARCO_NETLISTS": false,
    "LVS_FLATTEN_CELLS": null,
    "ERROR_ON_LVS_ERROR": true,
    "EQY_SCRIPT": null,
    "EQY_FORCE_ACCEPT_PDK": false,
    "TIMING_VIOLATION_CORNERS": [
        "*tt*"
    ],
    "SETUP_VIOLATION_CORNERS": null,
    "HOLD_VIOLATION_CORNERS": null,
    "MAX_SLEW_VIOLATION_CORNERS": [
        ""
    ],
    "MAX_CAP_VIOLATION_CORNERS": [
        ""
    ],
    "meta": {
        "version": 2,
        "flow": null,
        "substituting_steps": null,
        "step": null,
        "librelane_version": "2.4.2"
    }
}